{
  "model_info": {
    "model_type": "decision_tree",
    "timestamp": "20251026_162719",
    "feature_count": 35,
    "feature_importance": {
      "feature1": 3.0881517440116774e-06,
      "feature2": 0.0004985862694402414,
      "feature3": 0.000504689195696486,
      "feature4": 0.9628327336250831,
      "feature5": 5.789997494099166e-06,
      "feature6": 0.000926999427839007,
      "feature7": 0.010354632148515092,
      "feature8": 2.07284625842557e-05,
      "feature9": 6.984552979566825e-07,
      "feature10": 0.01470109413625728,
      "feature11": 0.0001298765333960084,
      "feature12": 1.5580301120940337e-05,
      "feature13": 0.0031469951807666877,
      "feature14": 1.5200296203048727e-05,
      "feature15": 4.599657702327432e-08,
      "feature16": 1.8226280451943038e-06,
      "feature17": 3.2006187704912246e-08,
      "feature18": 1.778174176915259e-05,
      "feature19": 0.0013024829129653392,
      "feature20": 1.174264146392062e-06,
      "feature21": 0.005489342702819417,
      "feature22": 2.3464105004650817e-06,
      "feature23": 6.494250013232336e-08,
      "feature24": 3.0551697080674583e-06,
      "feature25": 5.277133579792783e-06,
      "feature26": 1.1862372125514748e-06,
      "feature27": 4.4739302371689285e-08,
      "feature28": 8.085523130593174e-06,
      "feature29": 1.609434963649578e-07,
      "feature30": 7.930131845241017e-07,
      "feature31": 9.611453436550943e-06,
      "feature32": 0.0,
      "feature33": 0.0,
      "feature34": 0.0,
      "feature35": 0.0
    },
    "max_depth": 30
  },
  "train_metrics": {
    "MSE": 2.4404194513254715e-05,
    "RMSE": 0.00494006017303987,
    "MAE": 0.0011520909253096032,
    "R²": 0.9990614368110736
  },
  "test_metrics": {
    "MSE": 9.135627814315002e-05,
    "RMSE": 0.009558047820718937,
    "MAE": 0.0024212081036025426,
    "R²": 0.9965178293834935
  }
}