{
  "model_info": {
    "model_type": "xgboost",
    "timestamp": "20251026_163606",
    "feature_count": 35,
    "feature_importance": {
      "feature1": 0.00013455092266667634,
      "feature2": 0.0011900175595656037,
      "feature3": 0.000947709078900516,
      "feature4": 0.848446786403656,
      "feature5": 0.00015197890752460808,
      "feature6": 0.0025105273816734552,
      "feature7": 0.014956715516746044,
      "feature8": 0.00013400054012890905,
      "feature9": 0.0001429871772415936,
      "feature10": 0.010631676763296127,
      "feature11": 0.0005893253837712109,
      "feature12": 0.0001436839665984735,
      "feature13": 0.005409215111285448,
      "feature14": 0.00015617493772879243,
      "feature15": 0.0001972244499484077,
      "feature16": 0.00019764128956012428,
      "feature17": 0.00033972537494264543,
      "feature18": 0.00025065368390642107,
      "feature19": 0.01174984686076641,
      "feature20": 9.321059042122215e-05,
      "feature21": 0.09844083338975906,
      "feature22": 0.00020249788940418512,
      "feature23": 0.0003426027833484113,
      "feature24": 0.00016133536701090634,
      "feature25": 9.646782564232126e-05,
      "feature26": 0.00010672558710211888,
      "feature27": 0.00021400493278633803,
      "feature28": 0.00010413719428470358,
      "feature29": 8.790905849309638e-05,
      "feature30": 0.00020686174684669822,
      "feature31": 0.00013180605310481042,
      "feature32": 3.215894685126841e-05,
      "feature33": 0.0,
      "feature34": 0.0,
      "feature35": 0.0014989259652793407
    },
    "n_estimators": 200,
    "max_depth": 9,
    "learning_rate": 0.1
  },
  "train_metrics": {
    "MSE": 2.1413623939695827e-06,
    "RMSE": 0.0014633394664156306,
    "MAE": 0.0009417796014546294,
    "R²": 0.9999176451443198
  },
  "test_metrics": {
    "MSE": 5.934514205472276e-05,
    "RMSE": 0.007703579820753645,
    "MAE": 0.0026608977059610203,
    "R²": 0.9977379780120689
  }
}