{
  "model_info": {
    "model_type": "decision_tree",
    "timestamp": "20251026_170324",
    "feature_count": 35,
    "feature_importance": {
      "feature1": 0.0,
      "feature2": 0.0020298203631359097,
      "feature3": 0.0001624521673346949,
      "feature4": 0.935785265846807,
      "feature5": 0.0,
      "feature6": 0.0010352232029955388,
      "feature7": 0.006368509425864827,
      "feature8": 0.0,
      "feature9": 0.0,
      "feature10": 0.022883419107274938,
      "feature11": 1.7824267470466552e-05,
      "feature12": 0.0,
      "feature13": 0.0009892687043012729,
      "feature14": 0.0,
      "feature15": 0.0,
      "feature16": 0.0,
      "feature17": 0.0,
      "feature18": 0.0,
      "feature19": 0.003970365483243246,
      "feature20": 0.0,
      "feature21": 0.026757851431571937,
      "feature22": 0.0,
      "feature23": 0.0,
      "feature24": 0.0,
      "feature25": 0.0,
      "feature26": 0.0,
      "feature27": 0.0,
      "feature28": 0.0,
      "feature29": 0.0,
      "feature30": 0.0,
      "feature31": 0.0,
      "feature32": 0.0,
      "feature33": 0.0,
      "feature34": 0.0,
      "feature35": 0.0
    },
    "max_depth": 8
  },
  "train_metrics": {
    "MSE": 6.663529142119223e-05,
    "RMSE": 0.008163044249616207,
    "MAE": 0.0036652169907511177,
    "R²": 0.9936505596950134
  },
  "test_metrics": {
    "MSE": 0.052292461023125375,
    "RMSE": 0.22867544910445758,
    "MAE": 0.19715556833062814,
    "R²": 0.3716985467658226
  }
}