时间,束位X,束位Y
2025-08-07 17:38:02,0.11118508655126502,0.616361071932299
2025-08-07 17:38:33,0.13981358189081225,0.6412787964268925
2025-08-07 17:39:03,0.14280958721704398,0.6323460272684533
2025-08-07 17:39:33,0.17310252996005326,0.5984955336154208
2025-08-07 17:40:03,0.17942743009320908,0.6008462623413259
2025-08-07 17:40:34,0.17476697736351532,0.5604137282557593
2025-08-07 17:41:04,0.17476697736351532,0.5853314527503527
2025-08-07 17:41:34,0.16977363515312918,0.5627644569816643
2025-08-07 17:42:05,0.16211717709720375,0.5491302303714152
2025-08-07 17:42:35,0.1507989347536618,0.5223319228960979
2025-08-07 17:43:05,0.11284953395472708,0.5110484250117537
2025-08-07 17:43:35,0.11451398135818913,0.537846732487071
2025-08-07 17:44:06,0.12549933422103862,0.5021156558533146
2025-08-07 17:44:36,0.11451398135818913,0.09214856605547721
2025-08-07 17:45:06,0.1507989347536618,0.21532675129290085
2025-08-07 17:45:36,0.2000665778961385,0.17254348848142925
2025-08-07 17:46:07,0.24600532623169113,0.23319228960977906
2025-08-07 17:46:37,0.25565912117177103,0.3229901269393512
2025-08-07 17:47:07,0.2430093209054594,0.3676539727315468
2025-08-07 17:47:37,0.2809587217043942,0.4414668547249648
2025-08-07 17:48:08,0.3015978695073236,0.2891396332863188
2025-08-07 17:48:38,0.2952729693741678,0.33615420780441946
2025-08-07 17:49:08,0.30659121171770976,0.40150446638457926
2025-08-07 17:49:38,0.31924101198402133,0.4776680771039023
2025-08-07 17:50:09,0.29693741677762986,0.4978843441466855
2025-08-07 17:50:39,0.2906125166444741,0.5110484250117537
2025-08-07 17:51:09,0.2523302263648469,0.5086976962858487
2025-08-07 17:51:40,0.2333555259653795,0.5246826516220029
2025-08-07 17:52:10,0.20472703062583225,0.47061589092618716
2025-08-07 17:52:40,0.17476697736351532,0.4800188058298073
2025-08-07 17:53:10,0.16511318242343542,0.48895157498824643
2025-08-07 17:53:41,0.1507989347536618,0.5110484250117537
2025-08-07 17:54:11,0.14280958721704398,0.537846732487071
2025-08-07 17:54:41,0.13515312916111855,0.5472496473906912
2025-08-07 17:55:11,0.12716378162450068,0.5604137282557593
2025-08-07 17:55:42,0.12217043941411454,0.5829807240244477
2025-08-07 17:56:12,0.10319573901464713,0.5806299952985426
2025-08-07 17:56:42,0.09221038615179761,0.5693464974141985
2025-08-07 17:57:12,0.09221038615179761,0.5693464974141985
2025-08-07 17:57:43,0.10818908122503329,0.5872120357310767
2025-08-07 17:58:13,0.11284953395472708,0.5782792665726376
2025-08-07 17:58:43,0.11584553928095873,0.5716972261401035
2025-08-07 17:59:14,0.10952063914780297,0.5425481899388811
2025-08-07 17:59:44,0.09853528628495345,0.5693464974141985
2025-08-07 18:00:14,0.09221038615179761,0.5538316878232253
2025-08-07 18:00:44,0.09221038615179761,0.5401974612129761
2025-08-07 18:01:15,0.09520639147802934,0.5514809590973203
2025-08-07 18:01:45,0.09387483355525966,0.535966149506347
2025-08-07 18:02:15,0.0968708388814914,0.5110484250117537
2025-08-07 18:02:45,0.08754993342210388,0.49083215796897045
2025-08-07 18:03:16,0.08754993342210388,0.5044663845792197
2025-08-07 18:03:46,0.06990679094540614,0.5133991537376588
2025-08-07 18:04:16,0.04627163781624505,0.5425481899388811
2025-08-07 18:04:47,0.03328894806924099,0.5782792665726376
2025-08-07 18:05:17,0.020639147802929414,0.5961448048895158
2025-08-07 18:05:47,0.01897470039946736,0.6234132581100141
2025-08-07 18:06:17,0.03195739014647142,0.6234132581100141
2025-08-07 18:06:48,0.03961384820239683,0.6680771039022098
2025-08-07 18:07:18,0.05559254327563251,0.6638457921955807
2025-08-07 18:07:48,0.05259653794940078,0.6525622943112365
2025-08-07 18:08:18,0.06691078561917446,0.6638457921955807
2025-08-07 18:08:49,0.0619174434087883,0.681711330512459
2025-08-07 18:09:19,0.050932090545938724,0.6614950634696757
2025-08-07 18:09:49,0.03195739014647142,0.6680771039022098
2025-08-07 18:10:20,0.03828229027962715,0.6704278326281148
2025-08-07 18:10:50,0.050932090545938724,0.6657263751763047
2025-08-07 18:11:20,0.06990679094540614,0.6657263751763047
2025-08-07 18:11:50,0.06524633821571241,0.6544428772919606
2025-08-07 18:12:21,0.07323568575233025,0.6389280677009874
2025-08-07 18:12:51,0.06691078561917446,0.609779031499765
2025-08-07 18:13:21,0.06358189081225035,0.6187118006582041
2025-08-07 18:13:52,0.047603195739014614,0.6187118006582041
2025-08-07 18:14:22,0.03961384820239683,0.6252938410907383
2025-08-07 18:14:52,0.04294274300932094,0.61212976022567
2025-08-07 18:15:22,0.053928095872170456,0.6031969910672309
2025-08-07 18:15:53,0.06025299600532624,0.5984955336154208
2025-08-07 18:16:23,0.0619174434087883,0.5872120357310767
2025-08-07 18:16:53,0.05892143808255662,0.5853314527503527
2025-08-07 18:17:23,0.04460719041278299,0.6008462623413259
2025-08-07 18:17:54,0.014314247669773628,0.6365773389750824
2025-08-07 18:18:24,0.017643142476697737,0.6478608368594264
2025-08-07 18:18:54,0.014314247669773628,0.6859426422190881
2025-08-07 18:19:25,0.02230359520639147,0.7085096379877762
2025-08-07 18:19:55,0.011318242343541951,0.679360601786554
2025-08-07 18:20:25,0.030292942743009366,0.7038081805359662
2025-08-07 18:20:55,0.03328894806924099,0.6972261401034321
2025-08-07 18:21:26,0.04127829560585888,0.6882933709449931
2025-08-07 18:21:56,0.03828229027962715,0.679360601786554
2025-08-07 18:22:26,0.03328894806924099,0.6746591443347438
2025-08-07 18:22:57,0.026964047936085256,0.681711330512459
2025-08-07 18:23:27,0.02230359520639147,0.6859426422190881
2025-08-07 18:23:57,0.03195739014647142,0.6704278326281148
2025-08-07 18:24:27,0.03828229027962715,0.6657263751763047
2025-08-07 18:24:58,0.03495339547270304,0.6525622943112365
2025-08-07 18:25:28,0.03195739014647142,0.6657263751763047
2025-08-07 18:25:58,0.04294274300932094,0.6055477197931359
2025-08-07 18:26:28,0.03328894806924099,0.5199811941701928
2025-08-07 18:26:59,0.026964047936085256,0.5157498824635638
2025-08-07 18:27:29,0.036617842876165096,0.537846732487071
2025-08-07 18:27:59,0.02230359520639147,0.5425481899388811
2025-08-07 18:28:29,0.011318242343541951,0.60742830277386
2025-08-07 18:29:00,0.02230359520639147,0.6525622943112365
2025-08-07 18:29:30,0.006324900133155786,0.6727785613540198
2025-08-07 18:30:00,0.02230359520639147,0.683591913493183
2025-08-07 18:30:31,0.02862849533954731,0.6746591443347438
2025-08-07 18:31:01,0.023968042609853524,0.6906440996708981
2025-08-07 18:31:31,0.020639147802929414,0.7400094029149038
2025-08-07 18:32:01,0.020639147802929414,0.7555242125058769
2025-08-07 18:32:32,0.0,0.7400094029149038
2025-08-07 18:33:02,0.0033288948069241098,0.7310766337564646
2025-08-07 18:33:32,0.053928095872170456,0.7216737188528445
2025-08-07 18:34:02,0.03495339547270304,0.7150916784203104
2025-08-07 18:34:33,0.03195739014647142,0.7150916784203104
2025-08-07 18:35:03,0.053928095872170456,0.7019275975552421
2025-08-07 18:35:33,0.04926764314247667,0.6591443347437707
2025-08-07 18:36:04,0.03328894806924099,0.6929948283968032
2025-08-07 18:36:34,0.03495339547270304,0.6704278326281148
2025-08-07 18:37:04,0.017643142476697737,0.6567936060178656
2025-08-07 18:37:34,0.050932090545938724,0.6525622943112365
2025-08-07 18:38:05,0.04127829560585888,0.6478608368594264
2025-08-07 18:38:35,0.05559254327563251,0.6323460272684533
2025-08-07 18:39:05,0.007989347536617841,0.6276445698166433
2025-08-07 18:39:35,0.03495339547270304,0.6525622943112365
2025-08-07 18:40:06,0.02230359520639147,0.6746591443347438
2025-08-07 18:40:36,0.017643142476697737,0.6770098730606489
2025-08-07 18:41:06,0.023968042609853524,0.7038081805359662
2025-08-07 18:41:37,0.015978695073235683,0.7061589092618712
2025-08-07 18:42:07,0.02862849533954731,0.7019275975552421
2025-08-07 18:42:37,0.036617842876165096,0.6770098730606489
2025-08-07 18:43:07,0.06691078561917446,0.7038081805359662
2025-08-07 18:43:38,0.06824234354194408,0.6929948283968032
2025-08-07 18:44:08,0.07956058588548603,0.6544428772919606
2025-08-07 18:44:38,0.06824234354194408,0.6412787964268925
2025-08-07 18:45:08,0.06990679094540614,0.6346967559943584
2025-08-07 18:45:39,0.0619174434087883,0.6210625293841091
2025-08-07 18:46:09,0.053928095872170456,0.6299952985425483
2025-08-07 18:46:39,0.06358189081225035,0.6323460272684533
2025-08-07 18:47:09,0.07456724367509987,0.6055477197931359
2025-08-07 18:47:40,0.06990679094540614,0.5740479548660086
2025-08-07 18:48:10,0.08588548601864182,0.5472496473906912
2025-08-07 18:48:40,0.10652463382157124,0.5086976962858487
2025-08-07 18:49:10,0.08588548601864182,0.5181006111894688
2025-08-07 18:49:41,0.0715712383488682,0.5133991537376588
2025-08-07 18:50:11,0.06824234354194408,0.5401974612129761
2025-08-07 18:50:41,0.057256990679094566,0.537846732487071
2025-08-07 18:51:12,0.05259653794940078,0.531264692054537
2025-08-07 18:51:42,0.05892143808255662,0.5627644569816643
2025-08-07 18:52:12,0.08422103861517977,0.5289139633286319
2025-08-07 18:52:42,0.07789613848202398,0.533615420780442
2025-08-07 18:53:13,0.0968708388814914,0.4997649271274096
2025-08-07 18:53:43,0.06990679094540614,0.48189938881053135
2025-08-07 18:54:13,0.0619174434087883,0.4866008462623414
2025-08-07 18:54:44,0.08089214380825566,0.49083215796897045
2025-08-07 18:55:14,0.07323568575233025,0.5021156558533146
2025-08-07 18:55:44,0.09054593874833555,0.49083215796897045
2025-08-07 18:56:15,0.11118508655126502,0.49553361542078045
2025-08-07 18:56:45,0.06824234354194408,0.43253408556652573
2025-08-07 18:57:15,0.10486018641810918,0.4438175834508698
2025-08-07 18:57:45,0.07789613848202398,0.4123178185237424
2025-08-07 18:58:16,0.07789613848202398,0.4753173483779972
2025-08-07 18:58:46,0.06358189081225035,0.4978843441466855
2025-08-07 18:59:16,0.050932090545938724,0.5270333803479079
2025-08-07 18:59:46,0.04926764314247667,0.5270333803479079
2025-08-07 19:00:17,0.004993342210386165,0.5068171133051247
2025-08-07 19:00:47,0.026964047936085256,0.5289139633286319
2025-08-07 19:01:17,0.05259653794940078,0.5425481899388811
2025-08-07 19:01:48,0.05559254327563251,0.5289139633286319
2025-08-07 19:02:18,0.07956058588548603,0.535966149506347
2025-08-07 19:02:48,0.06358189081225035,0.5246826516220029
2025-08-07 19:03:18,0.03961384820239683,0.5199811941701928
2025-08-07 19:03:49,0.057256990679094566,0.5181006111894688
2025-08-07 19:04:19,0.03828229027962715,0.4866008462623414
2025-08-07 19:04:49,0.07956058588548603,0.5086976962858487
2025-08-07 19:05:19,0.07456724367509987,0.4866008462623414
2025-08-07 19:05:50,0.08089214380825566,0.4753173483779972
2025-08-07 19:06:20,0.0619174434087883,0.4217207334273625
2025-08-07 19:06:50,0.07956058588548603,0.4146685472496474
2025-08-07 19:07:20,0.06990679094540614,0.43065350258580165
2025-08-07 19:07:51,0.04627163781624505,0.4123178185237424
2025-08-07 19:08:21,0.05259653794940078,0.4372355430183358
2025-08-07 19:08:51,0.02862849533954731,0.4753173483779972
2025-08-07 19:09:21,0.03195739014647142,0.4931828866948754
2025-08-07 19:09:52,0.03328894806924099,0.49083215796897045
2025-08-07 19:10:22,0.03961384820239683,0.5110484250117537
2025-08-07 19:10:52,0.04294274300932094,0.5157498824635638
2025-08-07 19:11:22,0.07323568575233025,0.537846732487071
2025-08-07 19:11:53,0.057256990679094566,0.5289139633286319
2025-08-07 19:12:23,0.05259653794940078,0.533615420780442
2025-08-07 19:12:53,0.06524633821571241,0.5580629995298543
2025-08-07 19:13:23,0.0715712383488682,0.5961448048895158
2025-08-07 19:13:54,0.05892143808255662,0.5716972261401035
2025-08-07 19:14:24,0.07956058588548603,0.5651151857075694
2025-08-07 19:14:54,0.09387483355525966,0.5538316878232253
2025-08-07 19:15:25,0.10153129161118507,0.5491302303714152
2025-08-07 19:15:55,0.11284953395472708,0.5401974612129761
2025-08-07 19:16:25,0.10952063914780297,0.535966149506347
2025-08-07 19:16:55,0.11584553928095873,0.531264692054537
2025-08-07 19:17:26,0.1001997336884155,0.5133991537376588
2025-08-07 19:17:56,0.11118508655126502,0.5157498824635638
2025-08-07 19:18:26,0.11451398135818913,0.4931828866948754
2025-08-07 19:18:56,0.12217043941411454,0.46873530794546314
2025-08-07 19:19:27,0.13814913448735022,0.457451810061119
2025-08-07 19:19:57,0.13814913448735022,0.45275035260930896
2025-08-07 19:20:27,0.13981358189081225,0.43253408556652573
2025-08-07 19:20:58,0.12549933422103862,0.42360131640808657
2025-08-07 19:21:28,0.11451398135818913,0.4438175834508698
2025-08-07 19:21:58,0.10952063914780297,0.4663845792195581
2025-08-07 19:22:28,0.10486018641810918,0.4800188058298073
2025-08-07 19:22:59,0.10652463382157124,0.48189938881053135
2025-08-07 19:23:29,0.11917443408788281,0.4842501175364364
2025-08-07 19:23:59,0.1334886817576565,0.48189938881053135
2025-08-07 19:24:30,0.13981358189081225,0.4866008462623414
2025-08-07 19:25:00,0.15246338215712385,0.4776680771039023
2025-08-07 19:25:30,0.13981358189081225,0.4640338504936531
2025-08-07 19:26:00,0.13648468708388817,0.4663845792195581
2025-08-07 19:26:31,0.13515312916111855,0.46168312176774806
2025-08-07 19:27:01,0.1414780292942743,0.45980253878702404
2025-08-07 19:27:31,0.13981358189081225,0.4372355430183358
2025-08-07 19:28:02,0.1604527296937417,0.4395862717442408
2025-08-07 19:28:32,0.15878828229027964,0.42360131640808657
2025-08-07 19:29:02,0.17643142476697737,0.4123178185237424
2025-08-07 19:29:32,0.17776298268974702,0.39257169722614016
2025-08-07 19:30:03,0.17942743009320908,0.40338504936530334
2025-08-07 19:30:33,0.1507989347536618,0.41701927597555244
2025-08-07 19:31:03,0.13814913448735022,0.42360131640808657
2025-08-07 19:31:33,0.10818908122503329,0.4438175834508698
2025-08-07 19:32:04,0.11451398135818913,0.46168312176774806
2025-08-07 19:32:34,0.11750998668442078,0.46873530794546314
2025-08-07 19:33:04,0.1334886817576565,0.4997649271274096
2025-08-07 19:33:34,0.1414780292942743,0.4800188058298073
2025-08-07 19:34:05,0.14280958721704398,0.4978843441466855
2025-08-07 19:34:35,0.14613848202396806,0.4842501175364364
2025-08-07 19:35:05,0.13015978695073238,0.4800188058298073
2025-08-07 19:35:35,0.12882822902796273,0.4842501175364364
2025-08-07 19:36:06,0.13981358189081225,0.5110484250117537
2025-08-07 19:36:36,0.14280958721704398,0.49083215796897045
2025-08-07 19:37:06,0.13814913448735022,0.4800188058298073
2025-08-07 19:37:36,0.1541278295605859,0.4640338504936531
2025-08-07 19:38:07,0.15878828229027964,0.4146685472496474
2025-08-07 19:38:37,0.16977363515312918,0.4104372355430184
2025-08-07 19:39:07,0.17942743009320908,0.4259520451339916
2025-08-07 19:39:37,0.1571238348868176,0.3855195110484251
2025-08-07 19:40:08,0.1634487350199734,0.4104372355430184
2025-08-07 19:40:38,0.16844207723035953,0.39022096850023513
2025-08-07 19:41:08,0.1507989347536618,0.37000470145745185
2025-08-07 19:41:38,0.14913448735019974,0.35213916314057364
2025-08-07 19:42:09,0.1414780292942743,0.3723554301833569
2025-08-07 19:42:39,0.1334886817576565,0.378937470615891
2025-08-07 19:43:09,0.13515312916111855,0.4146685472496474
2025-08-07 19:43:40,0.11584553928095873,0.4414668547249648
2025-08-07 19:44:10,0.11750998668442078,0.45086976962858494
2025-08-07 19:44:40,0.1238348868175766,0.49553361542078045
2025-08-07 19:45:11,0.12549933422103862,0.48895157498824643
2025-08-07 19:45:41,0.1414780292942743,0.5068171133051247
2025-08-07 19:46:11,0.144474034620506,0.4931828866948754
2025-08-07 19:46:41,0.17143808255659124,0.4842501175364364
2025-08-07 19:47:12,0.16844207723035953,0.48189938881053135
2025-08-07 19:47:42,0.17942743009320908,0.46168312176774806
2025-08-07 19:48:12,0.1827563249001332,0.45086976962858494
2025-08-07 19:48:43,0.17310252996005326,0.46168312176774806
2025-08-07 19:49:13,0.16977363515312918,0.43488481429243075
2025-08-07 19:49:43,0.16977363515312918,0.455101081335214
2025-08-07 19:50:13,0.1827563249001332,0.4438175834508698
2025-08-07 19:50:44,0.18908122503328897,0.3944522802068642
2025-08-07 19:51:14,0.20173102529960055,0.3855195110484251
2025-08-07 19:51:44,0.21105193075898804,0.378937470615891
2025-08-07 19:52:15,0.20805592543275633,0.40573577809120837
2025-08-07 19:52:45,0.17942743009320908,0.4217207334273625
2025-08-07 19:53:15,0.17942743009320908,0.455101081335214
2025-08-07 19:53:45,0.18741677762982692,0.4663845792195581
2025-08-07 19:54:16,0.1827563249001332,0.49553361542078045
2025-08-07 19:54:46,0.19707057256990682,0.4663845792195581
2025-08-07 19:55:16,0.19041278295605862,0.4753173483779972
2025-08-07 19:55:46,0.18741677762982692,0.4663845792195581
2025-08-07 19:56:17,0.2000665778961385,0.46168312176774806
2025-08-07 19:56:47,0.20472703062583225,0.46168312176774806
2025-08-07 19:57:17,0.19707057256990682,0.45275035260930896
2025-08-07 19:57:47,0.18741677762982692,0.4395862717442408
2025-08-07 19:58:18,0.19207723035952065,0.4438175834508698
2025-08-07 19:58:48,0.1937416777629827,0.4414668547249648
2025-08-07 19:59:18,0.19041278295605862,0.4123178185237424
2025-08-07 19:59:48,0.20805592543275633,0.39257169722614016
2025-08-07 20:00:19,0.21105193075898804,0.3742360131640809
2025-08-07 20:00:49,0.22403462050599204,0.378937470615891
2025-08-07 20:01:19,0.21904127829560588,0.3878702397743301
2025-08-07 20:01:50,0.22070572569906793,0.3587212035731077
2025-08-07 20:02:20,0.17143808255659124,0.3723554301833569
2025-08-07 20:02:50,0.16211717709720375,0.35213916314057364
2025-08-07 20:03:20,0.16977363515312918,0.3742360131640809
2025-08-07 20:03:51,0.1827563249001332,0.40573577809120837
2025-08-07 20:04:21,0.18575233022636486,0.4372355430183358
2025-08-07 20:04:51,0.19707057256990682,0.4104372355430184
2025-08-07 20:05:22,0.20472703062583225,0.4104372355430184
2025-08-07 20:05:52,0.19840213049267647,0.4395862717442408
2025-08-07 20:06:22,0.19707057256990682,0.43253408556652573
2025-08-07 20:06:52,0.18908122503328897,0.4663845792195581
2025-08-07 20:07:23,0.19840213049267647,0.47061589092618716
2025-08-07 20:07:53,0.20173102529960055,0.4663845792195581
2025-08-07 20:08:23,0.2160452729693742,0.4729666196520922
2025-08-07 20:08:53,0.22403462050599204,0.45980253878702404
2025-08-07 20:09:24,0.24134487350199735,0.45086976962858494
2025-08-07 20:09:54,0.2396804260985353,0.45980253878702404
2025-08-07 20:10:24,0.23169107856191748,0.4663845792195581
2025-08-07 20:10:55,0.24134487350199735,0.4729666196520922
2025-08-07 20:11:25,0.23501997336884156,0.4640338504936531
2025-08-07 20:11:55,0.23834886817576567,0.4372355430183358
2025-08-07 20:12:25,0.23668442077230362,0.43253408556652573
2025-08-07 20:12:56,0.24600532623169113,0.43253408556652573
2025-08-07 20:13:26,0.2430093209054594,0.40573577809120837
2025-08-07 20:13:56,0.2333555259653795,0.43253408556652573
2025-08-07 20:14:27,0.22869507323568578,0.47061589092618716
2025-08-07 20:14:57,0.22703062583222372,0.4776680771039023
2025-08-07 20:15:27,0.21438082556591215,0.5289139633286319
2025-08-07 20:15:57,0.21105193075898804,0.5448989186647861
2025-08-07 20:16:28,0.22237017310253,0.5716972261401035
2025-08-07 20:16:58,0.2333555259653795,0.5472496473906912
2025-08-07 20:17:28,0.23834886817576567,0.531264692054537
2025-08-07 20:17:59,0.26031957390146476,0.5472496473906912
2025-08-07 20:18:29,0.2509986684420773,0.5199811941701928
2025-08-07 20:18:59,0.2523302263648469,0.5021156558533146
2025-08-07 20:19:30,0.2653129161118509,0.533615420780442
2025-08-07 20:20:00,0.2653129161118509,0.5199811941701928
2025-08-07 20:20:30,0.2619840213049268,0.5199811941701928
2025-08-07 20:21:00,0.2636484687083889,0.5157498824635638
2025-08-07 20:21:31,0.2746338215712384,0.46873530794546314
2025-08-07 20:22:01,0.2809587217043942,0.4729666196520922
2025-08-07 20:22:31,0.28262316910785623,0.47061589092618716
2025-08-07 20:23:01,0.2922769640479361,0.44616831217677483
2025-08-07 20:23:32,0.26664447403462055,0.45980253878702404
2025-08-07 20:24:02,0.2653129161118509,0.45980253878702404
2025-08-07 20:24:32,0.24766977363515316,0.47061589092618716
2025-08-07 20:25:03,0.23501997336884156,0.5157498824635638
2025-08-07 20:25:33,0.23668442077230362,0.5538316878232253
2025-08-07 20:26:03,0.24933422103861522,0.5491302303714152
2025-08-07 20:26:34,0.25898801597869514,0.5491302303714152
2025-08-07 20:27:04,0.2653129161118509,0.5425481899388811
2025-08-07 20:27:34,0.2779627163781625,0.5651151857075694
2025-08-07 20:28:04,0.2716378162450067,0.5740479548660086
2025-08-07 20:28:35,0.2653129161118509,0.5401974612129761
2025-08-07 20:29:05,0.26997336884154466,0.533615420780442
2025-08-07 20:29:35,0.26997336884154466,0.5538316878232253
2025-08-07 20:30:05,0.2779627163781625,0.5199811941701928
2025-08-07 20:30:36,0.27962716378162455,0.49553361542078045
2025-08-07 20:31:06,0.2779627163781625,0.4866008462623414
2025-08-07 20:31:36,0.2986018641810919,0.48895157498824643
2025-08-07 20:32:06,0.2952729693741678,0.4866008462623414
2025-08-07 20:32:37,0.288948069241012,0.46873530794546314
2025-08-07 20:33:07,0.2779627163781625,0.4776680771039023
2025-08-07 20:33:37,0.27962716378162455,0.4842501175364364
2025-08-07 20:34:08,0.26997336884154466,0.4997649271274096
2025-08-07 20:34:38,0.28262316910785623,0.5086976962858487
2025-08-07 20:35:08,0.2746338215712384,0.535966149506347
2025-08-07 20:35:38,0.288948069241012,0.537846732487071
2025-08-07 20:36:09,0.2906125166444741,0.5086976962858487
2025-08-07 20:36:39,0.288948069241012,0.5491302303714152
2025-08-07 20:37:09,0.27629826897470044,0.5425481899388811
2025-08-07 20:37:40,0.2716378162450067,0.5491302303714152
2025-08-07 20:38:10,0.27629826897470044,0.533615420780442
2025-08-07 20:38:40,0.2746338215712384,0.5289139633286319
2025-08-07 20:39:10,0.2842876165113183,0.5270333803479079
2025-08-07 20:39:40,0.2906125166444741,0.5223319228960979
2025-08-07 20:40:11,0.3015978695073236,0.5068171133051247
2025-08-07 20:40:41,0.3049267643142477,0.49553361542078045
2025-08-07 20:41:11,0.30659121171770976,0.4729666196520922
2025-08-07 20:41:42,0.29360852197070575,0.49083215796897045
2025-08-07 20:42:12,0.2952729693741678,0.4931828866948754
2025-08-07 20:42:42,0.2906125166444741,0.4663845792195581
2025-08-07 20:43:12,0.2842876165113183,0.46873530794546314
2025-08-07 20:43:43,0.2952729693741678,0.43488481429243075
2025-08-07 20:44:13,0.30326231691078565,0.41701927597555244
2025-08-07 20:44:43,0.3079227696404794,0.39257169722614016
2025-08-07 20:45:14,0.29993342210386154,0.39915373765867423
2025-08-07 20:45:44,0.27629826897470044,0.38316878232252005
2025-08-07 20:46:14,0.2636484687083889,0.43488481429243075
2025-08-07 20:46:44,0.26997336884154466,0.43488481429243075
2025-08-07 20:47:15,0.2653129161118509,0.44851904090267986
2025-08-07 20:47:45,0.2779627163781625,0.4866008462623414
2025-08-07 20:48:15,0.2842876165113183,0.48189938881053135
2025-08-07 20:48:45,0.2986018641810919,0.4997649271274096
2025-08-07 20:49:16,0.31291611185086554,0.457451810061119
2025-08-07 20:49:46,0.320572569906791,0.47061589092618716
2025-08-07 20:50:16,0.32390146471371506,0.4663845792195581
2025-08-07 20:50:46,0.322237017310253,0.4663845792195581
2025-08-07 20:51:17,0.31424766977363516,0.47061589092618716
2025-08-07 20:51:47,0.31924101198402133,0.4866008462623414
2025-08-07 20:52:17,0.3175765645805593,0.4800188058298073
2025-08-07 20:52:48,0.320572569906791,0.4729666196520922
2025-08-07 20:53:18,0.3365512649800267,0.45980253878702404
2025-08-07 20:53:48,0.33488681757656463,0.457451810061119
2025-08-07 20:54:18,0.322237017310253,0.4414668547249648
2025-08-07 20:54:49,0.31924101198402133,0.45275035260930896
2025-08-07 20:55:19,0.29360852197070575,0.4729666196520922
2025-08-07 20:55:49,0.2986018641810919,0.4978843441466855
2025-08-07 20:56:19,0.28728362183754996,0.5086976962858487
2025-08-07 20:56:50,0.3049267643142477,0.5021156558533146
2025-08-07 20:57:20,0.30659121171770976,0.4997649271274096
2025-08-07 20:57:50,0.30659121171770976,0.47061589092618716
2025-08-07 20:58:20,0.30659121171770976,0.457451810061119
2025-08-07 20:58:51,0.3159121171770972,0.44851904090267986
2025-08-07 20:59:21,0.3079227696404794,0.4395862717442408
2025-08-07 20:59:51,0.29693741677762986,0.43488481429243075
2025-08-07 21:00:21,0.2986018641810919,0.4372355430183358
2025-08-07 21:00:52,0.29693741677762986,0.4217207334273625
2025-08-07 21:01:22,0.3112516644474035,0.39022096850023513
2025-08-07 21:01:52,0.3049267643142477,0.37000470145745185
2025-08-07 21:02:23,0.3015978695073236,0.35401974612129766
2025-08-07 21:02:53,0.29360852197070575,0.37000470145745185
2025-08-07 21:03:23,0.2683089214380826,0.3653032440056418
2025-08-07 21:03:53,0.2523302263648469,0.4217207334273625
2025-08-07 21:04:24,0.2573235685752331,0.4640338504936531
2025-08-07 21:04:54,0.27629826897470044,0.4776680771039023
2025-08-07 21:05:24,0.24933422103861522,0.4997649271274096
2025-08-07 21:05:54,0.2653129161118509,0.5157498824635638
2025-08-07 21:06:25,0.28262316910785623,0.5021156558533146
2025-08-07 21:06:55,0.29993342210386154,0.5289139633286319
2025-08-07 21:07:25,0.30958721704394143,0.5110484250117537
2025-08-07 21:07:55,0.30659121171770976,0.5133991537376588
2025-08-07 21:08:26,0.29360852197070575,0.5086976962858487
2025-08-07 21:08:56,0.28728362183754996,0.4997649271274096
2025-08-07 21:09:26,0.2809587217043942,0.49083215796897045
2025-08-07 21:09:56,0.27296937416777634,0.49083215796897045
2025-08-07 21:10:27,0.2809587217043942,0.48895157498824643
2025-08-07 21:10:57,0.29360852197070575,0.47061589092618716
2025-08-07 21:11:27,0.2922769640479361,0.44851904090267986
2025-08-07 21:11:57,0.29693741677762986,0.4438175834508698
2025-08-07 21:12:28,0.3079227696404794,0.43065350258580165
2025-08-07 21:12:58,0.2922769640479361,0.4217207334273625
2025-08-07 21:13:28,0.2986018641810919,0.41937000470145747
2025-08-07 21:13:58,0.2922769640479361,0.40573577809120837
2025-08-07 21:14:29,0.28595206391478034,0.4080865068171134
2025-08-07 21:14:59,0.27962716378162455,0.3944522802068642
2025-08-07 21:15:29,0.28262316910785623,0.35401974612129766
2025-08-07 21:16:00,0.2636484687083889,0.376586741889986
2025-08-07 21:16:30,0.2716378162450067,0.376586741889986
2025-08-07 21:17:00,0.2716378162450067,0.38316878232252005
2025-08-07 21:17:30,0.2683089214380826,0.43253408556652573
2025-08-07 21:18:01,0.253994673768309,0.42360131640808657
2025-08-07 21:18:31,0.26031957390146476,0.4438175834508698
2025-08-07 21:19:01,0.2636484687083889,0.4438175834508698
2025-08-07 21:19:31,0.26664447403462055,0.4438175834508698
2025-08-07 21:20:02,0.2779627163781625,0.4283027738598966
2025-08-07 21:20:32,0.28595206391478034,0.43253408556652573
2025-08-07 21:21:02,0.27962716378162455,0.4146685472496474
2025-08-07 21:21:32,0.3049267643142477,0.4104372355430184
2025-08-07 21:22:03,0.288948069241012,0.41937000470145747
2025-08-07 21:22:33,0.288948069241012,0.40338504936530334
2025-08-07 21:23:03,0.29360852197070575,0.40338504936530334
2025-08-07 21:23:33,0.2922769640479361,0.3944522802068642
2025-08-07 21:24:04,0.322237017310253,0.3742360131640809
2025-08-07 21:24:34,0.31291611185086554,0.3723554301833569
2025-08-07 21:25:04,0.29693741677762986,0.36107193229901274
2025-08-07 21:25:35,0.2952729693741678,0.36107193229901274
2025-08-07 21:26:05,0.2922769640479361,0.3855195110484251
2025-08-07 21:26:35,0.28728362183754996,0.4104372355430184
2025-08-07 21:27:05,0.27962716378162455,0.42360131640808657
2025-08-07 21:27:36,0.25898801597869514,0.4283027738598966
2025-08-07 21:28:06,0.28595206391478034,0.4395862717442408
2025-08-07 21:28:36,0.27962716378162455,0.4217207334273625
2025-08-07 21:29:07,0.2986018641810919,0.4080865068171134
2025-08-07 21:29:37,0.3049267643142477,0.4123178185237424
2025-08-07 21:30:07,0.3159121171770972,0.4080865068171134
2025-08-07 21:30:37,0.320572569906791,0.3968030089327692
2025-08-07 21:31:08,0.30659121171770976,0.3944522802068642
2025-08-07 21:31:38,0.3015978695073236,0.3968030089327692
2025-08-07 21:32:08,0.30326231691078565,0.3742360131640809
2025-08-07 21:32:38,0.3015978695073236,0.3878702397743301
2025-08-07 21:33:09,0.3015978695073236,0.36107193229901274
2025-08-07 21:33:39,0.3079227696404794,0.3450869769628585
2025-08-07 21:34:09,0.30659121171770976,0.3295721673718853
2025-08-07 21:34:39,0.29693741677762986,0.35213916314057364
2025-08-07 21:35:10,0.2779627163781625,0.3563704748472027
2025-08-07 21:35:40,0.2653129161118509,0.3968030089327692
2025-08-07 21:36:10,0.2619840213049268,0.44616831217677483
2025-08-07 21:36:40,0.27629826897470044,0.46168312176774806
2025-08-07 21:37:11,0.2842876165113183,0.49553361542078045
2025-08-07 21:37:41,0.28595206391478034,0.49083215796897045
2025-08-07 21:38:11,0.288948069241012,0.49083215796897045
2025-08-07 21:38:42,0.2922769640479361,0.49553361542078045
2025-08-07 21:39:12,0.31291611185086554,0.49083215796897045
2025-08-07 21:39:42,0.320572569906791,0.4931828866948754
2025-08-07 21:40:12,0.320572569906791,0.48189938881053135
2025-08-07 21:40:43,0.3159121171770972,0.49553361542078045
2025-08-07 21:41:13,0.29693741677762986,0.49553361542078045
2025-08-07 21:41:43,0.3049267643142477,0.4842501175364364
2025-08-07 21:42:13,0.31291611185086554,0.4776680771039023
2025-08-07 21:42:44,0.32856191744340885,0.4753173483779972
2025-08-07 21:43:14,0.3255659121171771,0.48895157498824643
2025-08-07 21:43:44,0.3255659121171771,0.4866008462623414
2025-08-07 21:44:15,0.3175765645805593,0.4640338504936531
2025-08-07 21:44:45,0.32723035952063917,0.4640338504936531
2025-08-07 21:45:15,0.3175765645805593,0.47061589092618716
2025-08-07 21:45:46,0.320572569906791,0.4640338504936531
2025-08-07 21:46:16,0.33355525965379496,0.455101081335214
2025-08-07 21:46:46,0.34786950732356864,0.43488481429243075
2025-08-07 21:47:16,0.33488681757656463,0.43065350258580165
2025-08-07 21:47:47,0.3365512649800267,0.4080865068171134
2025-08-07 21:48:17,0.35252996005326237,0.41701927597555244
2025-08-07 21:48:47,0.3318908122503329,0.43488481429243075
2025-08-07 21:49:17,0.32390146471371506,0.455101081335214
2025-08-07 21:49:48,0.3079227696404794,0.46873530794546314
2025-08-07 21:50:18,0.30659121171770976,0.5044663845792197
2025-08-07 21:50:48,0.3255659121171771,0.4800188058298073
2025-08-07 21:51:18,0.31924101198402133,0.49083215796897045
2025-08-07 21:51:49,0.33488681757656463,0.4729666196520922
2025-08-07 21:52:19,0.35252996005326237,0.47061589092618716
2025-08-07 21:52:49,0.34786950732356864,0.45980253878702404
2025-08-07 21:53:19,0.36185086551264983,0.4931828866948754
2025-08-07 21:53:50,0.34786950732356864,0.48189938881053135
2025-08-07 21:54:20,0.3462050599201066,0.4866008462623414
2025-08-07 21:54:50,0.33488681757656463,0.47061589092618716
2025-08-07 21:55:21,0.35552596537949405,0.4438175834508698
2025-08-07 21:55:51,0.36517976031957394,0.43253408556652573
2025-08-07 21:56:21,0.3811584553928096,0.41701927597555244
2025-08-07 21:56:51,0.3778295605858855,0.40338504936530334
2025-08-07 21:57:22,0.37483355525965384,0.3944522802068642
2025-08-07 21:57:52,0.36850865512649805,0.40150446638457926
2025-08-07 21:58:22,0.32856191744340885,0.40150446638457926
2025-08-07 21:58:52,0.30958721704394143,0.43253408556652573
2025-08-07 21:59:23,0.30326231691078565,0.44851904090267986
2025-08-07 21:59:53,0.322237017310253,0.4640338504936531
2025-08-07 22:00:23,0.33355525965379496,0.4753173483779972
2025-08-07 22:00:53,0.3398801597869508,0.4663845792195581
2025-08-07 22:01:24,0.35885486018641816,0.4800188058298073
2025-08-07 22:01:54,0.35552596537949405,0.4729666196520922
2025-08-07 22:02:24,0.34454061251664453,0.48895157498824643
2025-08-07 22:02:55,0.33821571238348874,0.4931828866948754
2025-08-07 22:03:25,0.3462050599201066,0.4842501175364364
2025-08-07 22:03:55,0.3462050599201066,0.48895157498824643
2025-08-07 22:04:25,0.38249001331557925,0.4842501175364364
2025-08-07 22:04:56,0.36517976031957394,0.4729666196520922
2025-08-07 22:05:26,0.3778295605858855,0.4438175834508698
2025-08-07 22:05:56,0.39214380825565914,0.43488481429243075
2025-08-07 22:06:27,0.3778295605858855,0.4395862717442408
2025-08-07 22:06:57,0.3698402130492677,0.4372355430183358
2025-08-07 22:07:27,0.33022636484687085,0.4372355430183358
2025-08-07 22:07:57,0.3159121171770972,0.4395862717442408
2025-08-07 22:08:28,0.33022636484687085,0.4729666196520922
2025-08-07 22:08:58,0.3365512649800267,0.4800188058298073
2025-08-07 22:09:28,0.33488681757656463,0.5133991537376588
2025-08-07 22:09:58,0.3541944074567244,0.5223319228960979
2025-08-07 22:10:29,0.35885486018641816,0.5044663845792197
2025-08-07 22:10:59,0.3428761651131825,0.5199811941701928
2025-08-07 22:11:29,0.33355525965379496,0.5289139633286319
2025-08-07 22:12:00,0.3462050599201066,0.5157498824635638
2025-08-07 22:12:30,0.35885486018641816,0.5246826516220029
2025-08-07 22:13:00,0.34920106524633826,0.5068171133051247
2025-08-07 22:13:30,0.3508655126498003,0.5133991537376588
2025-08-07 22:14:01,0.366844207723036,0.4997649271274096
2025-08-07 22:14:31,0.37150466045272973,0.48895157498824643
2025-08-07 22:15:01,0.37949400798934757,0.49083215796897045
2025-08-07 22:15:31,0.40179760319573904,0.4842501175364364
2025-08-07 22:16:02,0.3635153129161119,0.49553361542078045
2025-08-07 22:16:32,0.36850865512649805,0.4866008462623414
2025-08-07 22:17:02,0.36850865512649805,0.4729666196520922
2025-08-07 22:17:33,0.3904793608521971,0.45980253878702404
2025-08-07 22:18:03,0.3605193075898802,0.4217207334273625
2025-08-07 22:18:33,0.37616511318242346,0.39022096850023513
2025-08-07 22:19:03,0.36517976031957394,0.4414668547249648
2025-08-07 22:19:34,0.37949400798934757,0.4283027738598966
2025-08-07 22:20:04,0.3731691078561918,0.4753173483779972
2025-08-07 22:20:34,0.36517976031957394,0.47061589092618716
2025-08-07 22:21:04,0.3605193075898802,0.49553361542078045
2025-08-07 22:21:35,0.38581890812250336,0.5021156558533146
2025-08-07 22:22:05,0.38249001331557925,0.4931828866948754
2025-08-07 22:22:35,0.39680426098535293,0.48895157498824643
2025-08-07 22:23:05,0.3904793608521971,0.49553361542078045
2025-08-07 22:23:36,0.4081225033288949,0.4729666196520922
2025-08-07 22:24:06,0.4191078561917444,0.4753173483779972
2025-08-07 22:24:36,0.398468708388815,0.48895157498824643
2025-08-07 22:25:06,0.4031291611185087,0.4729666196520922
2025-08-07 22:25:37,0.39547270306258325,0.4753173483779972
2025-08-07 22:26:07,0.4350865512649801,0.4663845792195581
2025-08-07 22:26:37,0.4254327563249002,0.45086976962858494
2025-08-07 22:27:08,0.42709720372836224,0.46168312176774806
2025-08-07 22:27:38,0.43042609853528635,0.4283027738598966
2025-08-07 22:28:08,0.4081225033288949,0.4414668547249648
2025-08-07 22:28:38,0.3811584553928096,0.455101081335214
2025-08-07 22:29:09,0.34786950732356864,0.49083215796897045
2025-08-07 22:29:39,0.3698402130492677,0.5133991537376588
2025-08-07 22:30:09,0.37949400798934757,0.5246826516220029
2025-08-07 22:30:39,0.34920106524633826,0.531264692054537
2025-08-07 22:31:10,0.34920106524633826,0.537846732487071
2025-08-07 22:31:40,0.40179760319573904,0.5448989186647861
2025-08-07 22:32:10,0.39547270306258325,0.5270333803479079
2025-08-07 22:32:40,0.4161118508655127,0.537846732487071
2025-08-07 22:33:11,0.39214380825565914,0.5472496473906912
2025-08-07 22:33:41,0.39214380825565914,0.5693464974141985
2025-08-07 22:34:11,0.3811584553928096,0.5538316878232253
2025-08-07 22:34:41,0.37150466045272973,0.533615420780442
2025-08-07 22:35:12,0.38914780292942747,0.5157498824635638
2025-08-07 22:35:42,0.398468708388815,0.4997649271274096
2025-08-07 22:36:12,0.433422103861518,0.4997649271274096
2025-08-07 22:36:42,0.44440745672436754,0.4978843441466855
2025-08-07 22:37:13,0.43675099866844214,0.4866008462623414
2025-08-07 22:37:43,0.4161118508655127,0.4776680771039023
2025-08-07 22:38:13,0.3938082556591212,0.4931828866948754
2025-08-07 22:38:43,0.3841544607190413,0.5068171133051247
2025-08-07 22:39:14,0.366844207723036,0.4866008462623414
2025-08-07 22:39:44,0.3841544607190413,0.5157498824635638
2025-08-07 22:40:14,0.3874833555259654,0.5157498824635638
2025-08-07 22:40:45,0.40179760319573904,0.5401974612129761
2025-08-07 22:41:15,0.3841544607190413,0.531264692054537
2025-08-07 22:41:45,0.4081225033288949,0.5157498824635638
2025-08-07 22:42:15,0.4191078561917444,0.5401974612129761
2025-08-07 22:42:46,0.44440745672436754,0.5401974612129761
2025-08-07 22:43:16,0.3904793608521971,0.5472496473906912
2025-08-07 22:43:46,0.42077230359520645,0.5199811941701928
2025-08-07 22:44:17,0.40179760319573904,0.5246826516220029
2025-08-07 22:44:47,0.4191078561917444,0.5068171133051247
2025-08-07 22:45:17,0.43675099866844214,0.4997649271274096
2025-08-07 22:45:48,0.45406125166444744,0.4978843441466855
2025-08-07 22:46:18,0.4730359520639148,0.5044663845792197
2025-08-07 22:46:48,0.4603861517976032,0.5110484250117537
2025-08-07 22:47:18,0.4730359520639148,0.5270333803479079
2025-08-07 22:47:49,0.47137150466045274,0.5157498824635638
2025-08-07 22:48:19,0.46371504660452734,0.4978843441466855
2025-08-07 22:48:49,0.48568575233022643,0.49083215796897045
2025-08-07 22:49:19,0.5126498002663116,0.47061589092618716
2025-08-07 22:49:50,0.5049933422103863,0.49083215796897045
2025-08-07 22:50:20,0.5319573901464714,0.4776680771039023
2025-08-07 22:50:50,0.5555925432756326,0.45980253878702404
2025-08-07 22:51:20,0.5462716378162451,0.457451810061119
2025-08-07 22:51:51,0.5332889480692411,0.45275035260930896
2025-08-07 22:52:21,0.5366178428761652,0.46873530794546314
2025-08-07 22:52:51,0.507989347536618,0.46168312176774806
2025-08-07 22:53:21,0.507989347536618,0.45275035260930896
2025-08-07 22:53:52,0.5049933422103863,0.43488481429243075
2025-08-07 22:54:22,0.5256324900133156,0.4395862717442408
2025-08-07 22:54:52,0.5382822902796273,0.44851904090267986
2025-08-07 22:55:22,0.4920106524633822,0.4640338504936531
2025-08-07 22:55:53,0.5113182423435421,0.49083215796897045
2025-08-07 22:56:23,0.48102529960053264,0.5289139633286319
2025-08-07 22:56:53,0.48568575233022643,0.5472496473906912
2025-08-07 22:57:24,0.45872170439414117,0.5651151857075694
2025-08-07 22:57:54,0.4906790945406126,0.5716972261401035
2025-08-07 22:58:24,0.4730359520639148,0.5580629995298543
2025-08-07 22:58:54,0.47802929427430096,0.5538316878232253
2025-08-07 22:59:25,0.5016644474034622,0.535966149506347
2025-08-07 22:59:55,0.466711051930759,0.537846732487071
2025-08-07 23:00:25,0.48901464713715054,0.5472496473906912
2025-08-07 23:00:55,0.4826897470039947,0.5561824165491304
2025-08-07 23:01:26,0.4953395472703063,0.5538316878232253
2025-08-07 23:01:56,0.4620505992010653,0.5491302303714152
2025-08-07 23:02:26,0.5,0.5472496473906912
2025-08-07 23:02:56,0.5126498002663116,0.531264692054537
2025-08-07 23:03:27,0.5366178428761652,0.5270333803479079
2025-08-07 23:03:57,0.5412782956058589,0.5133991537376588
2025-08-07 23:04:27,0.5525965379494009,0.5246826516220029
2025-08-07 23:04:57,0.542942743009321,0.5181006111894688
2025-08-07 23:05:28,0.5206391478029295,0.535966149506347
2025-08-07 23:05:58,0.48568575233022643,0.5514809590973203
2025-08-07 23:06:28,0.5,0.5740479548660086
2025-08-07 23:06:59,0.5,0.5693464974141985
2025-08-07 23:07:29,0.4920106524633822,0.5693464974141985
2025-08-07 23:07:59,0.5159786950732357,0.5716972261401035
2025-08-07 23:08:29,0.5256324900133156,0.5853314527503527
2025-08-07 23:09:00,0.5239680426098536,0.5669957686882935
2025-08-07 23:09:30,0.5,0.5763986835919136
2025-08-07 23:10:00,0.5239680426098536,0.5829807240244477
2025-08-07 23:10:31,0.5193075898801598,0.5829807240244477
2025-08-07 23:11:01,0.5509320905459388,0.5425481899388811
2025-08-07 23:11:31,0.5176431424766978,0.5580629995298543
2025-08-07 23:12:01,0.5223035952063916,0.5538316878232253
2025-08-07 23:12:32,0.5412782956058589,0.5181006111894688
2025-08-07 23:13:02,0.5332889480692411,0.5086976962858487
2025-08-07 23:13:32,0.5462716378162451,0.4978843441466855
2025-08-07 23:14:02,0.5555925432756326,0.4640338504936531
2025-08-07 23:14:33,0.5269640479360853,0.4776680771039023
2025-08-07 23:15:03,0.5286284953395474,0.4800188058298073
2025-08-07 23:15:33,0.5256324900133156,0.47061589092618716
2025-08-07 23:16:04,0.5256324900133156,0.4663845792195581
2025-08-07 23:16:34,0.5269640479360853,0.5021156558533146
2025-08-07 23:17:04,0.4970039946737684,0.5181006111894688
2025-08-07 23:17:34,0.49367509986684427,0.5448989186647861
2025-08-07 23:18:05,0.5049933422103863,0.5627644569816643
2025-08-07 23:18:35,0.48435419440745675,0.5693464974141985
2025-08-07 23:19:05,0.4986684420772304,0.5806299952985426
2025-08-07 23:19:35,0.49367509986684427,0.5942642219087919
2025-08-07 23:20:06,0.5206391478029295,0.5853314527503527
2025-08-07 23:20:36,0.5332889480692411,0.5872120357310767
2025-08-07 23:21:06,0.5332889480692411,0.5872120357310767
2025-08-07 23:21:36,0.5635818908122504,0.5538316878232253
2025-08-07 23:22:07,0.5715712383488682,0.5740479548660086
2025-08-07 23:22:37,0.5652463382157125,0.5604137282557593
2025-08-07 23:23:07,0.5492676431424768,0.5448989186647861
2025-08-07 23:23:38,0.5589214380825567,0.5514809590973203
2025-08-07 23:24:08,0.5699067909454062,0.5401974612129761
2025-08-07 23:24:38,0.5985352862849534,0.5199811941701928
2025-08-07 23:25:08,0.6145139813581891,0.5199811941701928
2025-08-07 23:25:39,0.6175099866844208,0.5199811941701928
2025-08-07 23:26:09,0.6001997336884155,0.4800188058298073
2025-08-07 23:26:39,0.577896138482024,0.4931828866948754
2025-08-07 23:27:09,0.5635818908122504,0.5133991537376588
2025-08-07 23:27:40,0.5715712383488682,0.4978843441466855
2025-08-07 23:28:10,0.5319573901464714,0.49553361542078045
2025-08-07 23:28:40,0.5669107856191745,0.5693464974141985
2025-08-07 23:29:11,0.5256324900133156,0.5604137282557593
2025-08-07 23:29:41,0.5239680426098536,0.5740479548660086
2025-08-07 23:30:11,0.5699067909454062,0.5919134931828868
2025-08-07 23:30:41,0.4970039946737684,0.5716972261401035
2025-08-07 23:31:12,0.5462716378162451,0.5895627644569817
2025-08-07 23:31:42,0.5319573901464714,0.5961448048895158
2025-08-07 23:32:12,0.507989347536618,0.5984955336154208
2025-08-07 23:32:42,0.5492676431424768,0.60742830277386
2025-08-07 23:33:13,0.5113182423435421,0.6299952985425483
2025-08-07 23:33:43,0.5349533954727032,0.6210625293841091
2025-08-07 23:34:13,0.542942743009321,0.614480488951575
2025-08-07 23:34:44,0.5888814913448736,0.5872120357310767
2025-08-07 23:35:14,0.5525965379494009,0.5782792665726376
2025-08-07 23:35:44,0.5509320905459388,0.5716972261401035
2025-08-07 23:36:15,0.5605858854860187,0.5740479548660086
2025-08-07 23:36:45,0.5619174434087884,0.5716972261401035
2025-08-07 23:37:15,0.576231691078562,0.5604137282557593
2025-08-07 23:37:45,0.5682423435419441,0.5580629995298543
2025-08-07 23:38:16,0.5682423435419441,0.5401974612129761
2025-08-07 23:38:46,0.5905459387483356,0.5181006111894688
2025-08-07 23:39:16,0.609520639147803,0.5133991537376588
2025-08-07 23:39:46,0.6254993342210386,0.5133991537376588
2025-08-07 23:40:17,0.609520639147803,0.4997649271274096
2025-08-07 23:40:47,0.6381491344873502,0.4978843441466855
2025-08-07 23:41:17,0.5732356857523303,0.5068171133051247
2025-08-07 23:41:47,0.5795605858854861,0.5246826516220029
2025-08-07 23:42:18,0.5985352862849534,0.5157498824635638
2025-08-07 23:42:48,0.576231691078562,0.535966149506347
2025-08-07 23:43:18,0.5682423435419441,0.5448989186647861
2025-08-07 23:43:48,0.5619174434087884,0.5514809590973203
2025-08-07 23:44:19,0.5922103861517977,0.5491302303714152
2025-08-07 23:44:49,0.5952063914780293,0.5491302303714152
2025-08-07 23:45:19,0.5476031957390147,0.5401974612129761
2025-08-07 23:45:49,0.5938748335552597,0.5651151857075694
2025-08-07 23:46:20,0.6015312916111851,0.5651151857075694
2025-08-07 23:46:50,0.6351531291611185,0.5604137282557593
2025-08-07 23:47:20,0.6128495339547271,0.5538316878232253
2025-08-07 23:47:51,0.6081890812250333,0.5604137282557593
2025-08-07 23:48:21,0.6175099866844208,0.5491302303714152
2025-08-07 23:48:51,0.6351531291611185,0.5472496473906912
2025-08-07 23:49:21,0.6478029294274301,0.5472496473906912
2025-08-07 23:49:52,0.6364846870838883,0.5425481899388811
2025-08-07 23:50:22,0.6478029294274301,0.5580629995298543
2025-08-07 23:50:52,0.6428095872170441,0.5425481899388811
2025-08-07 23:51:22,0.6507989347536618,0.5425481899388811
2025-08-07 23:51:53,0.652463382157124,0.5472496473906912
2025-08-07 23:52:23,0.6557922769640481,0.533615420780442
2025-08-07 23:52:53,0.6381491344873502,0.5763986835919136
2025-08-07 23:53:23,0.6571238348868176,0.5763986835919136
2025-08-07 23:53:54,0.652463382157124,0.5853314527503527
2025-08-07 23:54:24,0.644474034620506,0.5872120357310767
2025-08-07 23:54:54,0.6364846870838883,0.6031969910672309
2025-08-07 23:55:24,0.6428095872170441,0.6210625293841091
2025-08-07 23:55:55,0.644474034620506,0.616361071932299
2025-08-07 23:56:25,0.6810918774966712,0.5942642219087919
2025-08-07 23:56:55,0.6651131824234355,0.5942642219087919
2025-08-07 23:57:26,0.6461384820239682,0.5740479548660086
2025-08-07 23:57:56,0.7000665778961386,0.5895627644569817
2025-08-07 23:58:26,0.7143808255659122,0.5895627644569817
2025-08-07 23:58:56,0.6907456724367511,0.5853314527503527
2025-08-07 23:59:27,0.6954061251664448,0.5829807240244477
2025-08-07 23:59:57,0.6827563249001333,0.5829807240244477
2025-08-08 00:00:27,0.6621171770972039,0.5740479548660086
2025-08-08 00:00:57,0.6571238348868176,0.5829807240244477
2025-08-08 00:01:27,0.6794274300932092,0.6055477197931359
2025-08-08 00:01:58,0.6701065246338216,0.61212976022567
2025-08-08 00:02:28,0.6810918774966712,0.60742830277386
2025-08-08 00:02:58,0.6810918774966712,0.6299952985425483
2025-08-08 00:03:29,0.6398135818908124,0.6436295251527975
2025-08-08 00:03:59,0.6701065246338216,0.6276445698166433
2025-08-08 00:04:29,0.6238348868175767,0.6323460272684533
2025-08-08 00:04:59,0.6428095872170441,0.6455101081335214
2025-08-08 00:05:30,0.687416777629827,0.6210625293841091
2025-08-08 00:06:00,0.7017310252996005,0.6055477197931359
2025-08-08 00:06:30,0.7127163781624501,0.5942642219087919
2025-08-08 00:07:00,0.6827563249001333,0.5763986835919136
2025-08-08 00:07:31,0.7143808255659122,0.5872120357310767
2025-08-08 00:08:01,0.6557922769640481,0.5669957686882935
2025-08-08 00:08:31,0.6651131824234355,0.5514809590973203
2025-08-08 00:09:02,0.6571238348868176,0.5448989186647861
2025-08-08 00:09:32,0.6731025299600533,0.5604137282557593
2025-08-08 00:10:02,0.6840878828229029,0.5538316878232253
2025-08-08 00:10:32,0.7000665778961386,0.5782792665726376
2025-08-08 00:11:03,0.6920772303595207,0.5829807240244477
2025-08-08 00:11:33,0.7080559254327564,0.616361071932299
2025-08-08 00:12:03,0.6984021304926764,0.6412787964268925
2025-08-08 00:12:33,0.6920772303595207,0.6346967559943584
2025-08-08 00:13:04,0.6907456724367511,0.6478608368594264
2025-08-08 00:13:34,0.7097203728362185,0.6567936060178656
2025-08-08 00:14:04,0.7333555259653796,0.6412787964268925
2025-08-08 00:14:34,0.7509986684420773,0.6478608368594264
2025-08-08 00:15:05,0.753994673768309,0.616361071932299
2025-08-08 00:15:35,0.7460053262316912,0.6008462623413259
2025-08-08 00:16:05,0.7446737683089215,0.6031969910672309
2025-08-08 00:16:36,0.7350199733688416,0.5853314527503527
2025-08-08 00:17:06,0.7270306258322238,0.5895627644569817
2025-08-08 00:17:36,0.7097203728362185,0.5942642219087919
2025-08-08 00:18:06,0.6984021304926764,0.5763986835919136
2025-08-08 00:18:37,0.7097203728362185,0.614480488951575
2025-08-08 00:19:07,0.6794274300932092,0.6365773389750824
2025-08-08 00:19:37,0.7113848202396805,0.6436295251527975
2025-08-08 00:20:07,0.6920772303595207,0.681711330512459
2025-08-08 00:20:38,0.6970705725699069,0.7061589092618712
2025-08-08 00:21:08,0.6604527296937417,0.7150916784203104
2025-08-08 00:21:38,0.6777629826897471,0.7310766337564646
2025-08-08 00:22:08,0.6651131824234355,0.7465914433474378
2025-08-08 00:22:39,0.6794274300932092,0.7555242125058769
2025-08-08 00:23:09,0.6701065246338216,0.7329572167371887
2025-08-08 00:23:39,0.6840878828229029,0.7465914433474378
2025-08-08 00:24:10,0.6984021304926764,0.7263751763046545
2025-08-08 00:24:40,0.7097203728362185,0.7376586741889988
2025-08-08 00:25:10,0.7097203728362185,0.7400094029149038
2025-08-08 00:25:40,0.7063914780292944,0.7353079454630937
2025-08-08 00:26:11,0.7080559254327564,0.7353079454630937
2025-08-08 00:26:41,0.687416777629827,0.7376586741889988
2025-08-08 00:27:11,0.6777629826897471,0.7240244475787495
2025-08-08 00:27:41,0.7190412782956059,0.7287259050305596
2025-08-08 00:28:11,0.7240346205059921,0.7108603667136814
2025-08-08 00:28:42,0.7270306258322238,0.7038081805359662
2025-08-08 00:29:12,0.7509986684420773,0.6906440996708981
2025-08-08 00:29:42,0.7366844207723037,0.6859426422190881
2025-08-08 00:30:13,0.7383488681757657,0.6859426422190881
2025-08-08 00:30:43,0.7253661784287617,0.6746591443347438
2025-08-08 00:31:13,0.7033954727030627,0.6746591443347438
2025-08-08 00:31:43,0.6984021304926764,0.6614950634696757
2025-08-08 00:32:14,0.6701065246338216,0.6567936060178656
2025-08-08 00:32:44,0.6604527296937417,0.679360601786554
2025-08-08 00:33:14,0.652463382157124,0.6995768688293371
2025-08-08 00:33:44,0.6701065246338216,0.7216737188528445
2025-08-08 00:34:15,0.6621171770972039,0.7353079454630937
2025-08-08 00:34:45,0.6507989347536618,0.7531734837799718
2025-08-08 00:35:15,0.6428095872170441,0.7489421720733428
2025-08-08 00:35:46,0.6571238348868176,0.762106252938411
2025-08-08 00:36:16,0.6254993342210386,0.7691584391161261
2025-08-08 00:36:46,0.6557922769640481,0.7602256699576869
2025-08-08 00:37:16,0.6701065246338216,0.7418899858956277
2025-08-08 00:37:47,0.6731025299600533,0.7418899858956277
2025-08-08 00:38:17,0.6731025299600533,0.7418899858956277
2025-08-08 00:38:47,0.7316910785619175,0.7174424071462154
2025-08-08 00:39:17,0.689081225033289,0.7150916784203104
2025-08-08 00:39:48,0.7253661784287617,0.7127409496944054
2025-08-08 00:40:18,0.7000665778961386,0.6972261401034321
2025-08-08 00:40:48,0.7333555259653796,0.6995768688293371
2025-08-08 00:41:18,0.7366844207723037,0.6906440996708981
2025-08-08 00:41:49,0.755659121171771,0.6657263751763047
2025-08-08 00:42:19,0.753994673768309,0.6704278326281148
2025-08-08 00:42:49,0.7589880159786951,0.679360601786554
2025-08-08 00:43:20,0.7240346205059921,0.6882933709449931
2025-08-08 00:43:50,0.7143808255659122,0.7287259050305596
2025-08-08 00:44:20,0.7097203728362185,0.7038081805359662
2025-08-08 00:44:50,0.6954061251664448,0.7353079454630937
2025-08-08 00:45:21,0.7160452729693743,0.7263751763046545
2025-08-08 00:45:51,0.7350199733688416,0.7310766337564646
2025-08-08 00:46:21,0.7619840213049269,0.7418899858956277
2025-08-08 00:46:51,0.753994673768309,0.7353079454630937
2025-08-08 00:47:22,0.7603195739014648,0.7287259050305596
2025-08-08 00:47:52,0.7509986684420773,0.7329572167371887
2025-08-08 00:48:22,0.7446737683089215,0.7376586741889988
2025-08-08 00:48:53,0.7366844207723037,0.7400094029149038
2025-08-08 00:49:23,0.7493342210386154,0.7310766337564646
2025-08-08 00:49:53,0.7666444740346205,0.7376586741889988
2025-08-08 00:50:24,0.7746338215712385,0.7310766337564646
2025-08-08 00:50:54,0.7746338215712385,0.7465914433474378
2025-08-08 00:51:24,0.8015978695073236,0.7310766337564646
2025-08-08 00:51:54,0.8049267643142477,0.7287259050305596
2025-08-08 00:52:25,0.800266311584554,0.7263751763046545
2025-08-08 00:52:55,0.7842876165113184,0.7108603667136814
2025-08-08 00:53:25,0.7872836218375501,0.7174424071462154
2025-08-08 00:53:55,0.7573235685752331,0.7329572167371887
2025-08-08 00:54:25,0.7493342210386154,0.7400094029149038
2025-08-08 00:54:56,0.765312916111851,0.7418899858956277
2025-08-08 00:55:26,0.7699733688415447,0.7376586741889988
2025-08-08 00:55:56,0.7746338215712385,0.7555242125058769
2025-08-08 00:56:27,0.8015978695073236,0.7959567465914434
2025-08-08 00:56:57,0.7922769640479361,0.8204043253408558
2025-08-08 00:57:27,0.7619840213049269,0.834038551951105
2025-08-08 00:57:57,0.7636484687083889,0.8495533615420782
2025-08-08 00:58:28,0.7699733688415447,0.8495533615420782
2025-08-08 00:58:58,0.7796271637816246,0.8316878232252
2025-08-08 00:59:28,0.800266311584554,0.8382698636577339
2025-08-08 00:59:58,0.8015978695073236,0.840620592383639
2025-08-08 01:00:29,0.8175765645805594,0.834038551951105
2025-08-08 01:00:59,0.8032623169107858,0.8001880582980725
2025-08-08 01:01:29,0.7922769640479361,0.7912552891396333
2025-08-08 01:02:00,0.8079227696404794,0.7893747061589094
2025-08-08 01:02:30,0.8095872170439415,0.7799717912552893
2025-08-08 01:03:00,0.7969374167776299,0.7780912082745652
2025-08-08 01:03:30,0.8079227696404794,0.7376586741889988
2025-08-08 01:04:01,0.8222370173102531,0.7531734837799718
2025-08-08 01:04:31,0.8079227696404794,0.7400094029149038
2025-08-08 01:05:01,0.8032623169107858,0.7508227550540668
2025-08-08 01:05:31,0.8079227696404794,0.7823225199811943
2025-08-08 01:06:02,0.7872836218375501,0.7893747061589094
2025-08-08 01:06:32,0.7779627163781626,0.8227550540667609
2025-08-08 01:07:02,0.7842876165113184,0.842971321109544
2025-08-08 01:07:33,0.7809587217043943,0.8495533615420782
2025-08-08 01:08:03,0.7872836218375501,0.8495533615420782
2025-08-08 01:08:33,0.8079227696404794,0.8566055477197932
2025-08-08 01:09:03,0.831890812250333,0.840620592383639
2025-08-08 01:09:33,0.8348868175765647,0.8316878232252
2025-08-08 01:10:04,0.8415446071904129,0.8316878232252
2025-08-08 01:10:34,0.8222370173102531,0.8293370944992949
2025-08-08 01:11:04,0.8365512649800266,0.834038551951105
2025-08-08 01:11:35,0.8209054593874834,0.8204043253408558
2025-08-08 01:12:05,0.8192410119840214,0.8138222849083216
2025-08-08 01:12:35,0.8285619174434089,0.8025387870239775
2025-08-08 01:13:05,0.8272303595206393,0.8072402444757876
2025-08-08 01:13:36,0.8462050599201066,0.7799717912552893
2025-08-08 01:14:06,0.8525299600532624,0.7823225199811943
2025-08-08 01:14:36,0.8365512649800266,0.7757404795486602
2025-08-08 01:15:07,0.8492010652463383,0.762106252938411
2025-08-08 01:15:37,0.8239014647137152,0.7823225199811943
2025-08-08 01:16:07,0.8222370173102531,0.8025387870239775
2025-08-08 01:16:38,0.800266311584554,0.8293370944992949
2025-08-08 01:17:08,0.8079227696404794,0.842971321109544
2025-08-08 01:17:38,0.8112516644474035,0.845322049835449
2025-08-08 01:18:08,0.8398801597869507,0.8542548189938882
2025-08-08 01:18:39,0.8462050599201066,0.8631875881523273
2025-08-08 01:19:09,0.8478695073235687,0.845322049835449
2025-08-08 01:19:39,0.8525299600532624,0.8519040902679832
2025-08-08 01:20:10,0.8398801597869507,0.8542548189938882
2025-08-08 01:20:40,0.8239014647137152,0.8674188998589564
2025-08-08 01:21:10,0.8365512649800266,0.842971321109544
2025-08-08 01:21:40,0.8365512649800266,0.842971321109544
2025-08-08 01:22:11,0.8555259653794942,0.8227550540667609
2025-08-08 01:22:41,0.8748335552596538,0.8048895157498825
2025-08-08 01:23:11,0.8492010652463383,0.7912552891396333
2025-08-08 01:23:41,0.8605193075898803,0.7983074753173485
2025-08-08 01:24:12,0.8525299600532624,0.8251057827926659
2025-08-08 01:24:42,0.8445406125166446,0.845322049835449
2025-08-08 01:25:12,0.8541944074567245,0.8608368594264223
2025-08-08 01:25:43,0.8209054593874834,0.8810531264692056
2025-08-08 01:26:13,0.8478695073235687,0.8857545839210157
2025-08-08 01:26:43,0.8382157123834888,0.8787023977433006
2025-08-08 01:27:13,0.8428761651131825,0.8721203573107664
2025-08-08 01:27:44,0.8478695073235687,0.8495533615420782
2025-08-08 01:28:14,0.8415446071904129,0.842971321109544
2025-08-08 01:28:44,0.8348868175765647,0.8566055477197932
2025-08-08 01:29:15,0.8348868175765647,0.83638928067701
2025-08-08 01:29:45,0.8525299600532624,0.8608368594264223
2025-08-08 01:30:15,0.8382157123834888,0.8584861307005173
2025-08-08 01:30:45,0.8428761651131825,0.8655383168782323
2025-08-08 01:31:16,0.868508655126498,0.845322049835449
2025-08-08 01:31:46,0.8858189081225034,0.8185237423601317
2025-08-08 01:32:16,0.9001331557922769,0.8204043253408558
2025-08-08 01:32:47,0.8794940079893476,0.8227550540667609
2025-08-08 01:33:17,0.8824900133155793,0.8274565115185709
2025-08-08 01:33:47,0.8415446071904129,0.8382698636577339
2025-08-08 01:34:17,0.8462050599201066,0.8631875881523273
2025-08-08 01:34:48,0.8285619174434089,0.907851433944523
2025-08-08 01:35:18,0.8348868175765647,0.9304184297132113
2025-08-08 01:35:48,0.833555259653795,0.9214856605547721
2025-08-08 01:36:18,0.8428761651131825,0.9482839680300894
2025-08-08 01:36:49,0.8571904127829562,0.9482839680300894
2025-08-08 01:37:19,0.8478695073235687,0.9370004701457453
2025-08-08 01:37:49,0.8382157123834888,0.9370004701457453
2025-08-08 01:38:19,0.8525299600532624,0.9257169722614011
2025-08-08 01:38:50,0.8415446071904129,0.9238363892806771
2025-08-08 01:39:20,0.8555259653794942,0.9238363892806771
2025-08-08 01:39:50,0.8508655126498004,0.9346497414198403
2025-08-08 01:40:21,0.8794940079893476,0.9346497414198403
2025-08-08 01:40:51,0.8841544607190415,0.9346497414198403
2025-08-08 01:41:21,0.9017976031957391,0.916784203102962
2025-08-08 01:41:51,0.9017976031957391,0.9059708509637988
2025-08-08 01:42:22,0.8904793608521973,0.9191349318288671
2025-08-08 01:42:52,0.8794940079893476,0.8744710860366715
2025-08-08 01:43:22,0.8811584553928096,0.8631875881523273
2025-08-08 01:43:52,0.8651797603195739,0.8566055477197932
2025-08-08 01:44:23,0.8621837549933423,0.840620592383639
2025-08-08 01:44:53,0.8428761651131825,0.8293370944992949
2025-08-08 01:45:23,0.8382157123834888,0.8293370944992949
2025-08-08 01:45:54,0.8508655126498004,0.8608368594264223
2025-08-08 01:46:24,0.8462050599201066,0.8744710860366715
2025-08-08 01:46:54,0.8348868175765647,0.8899858956276446
2025-08-08 01:47:24,0.8365512649800266,0.9012693935119888
2025-08-08 01:47:55,0.8382157123834888,0.907851433944523
2025-08-08 01:48:25,0.8382157123834888,0.8989186647860837
2025-08-08 01:48:55,0.8348868175765647,0.8923366243535497
2025-08-08 01:49:25,0.8285619174434089,0.8787023977433006
2025-08-08 01:49:56,0.8508655126498004,0.8899858956276446
2025-08-08 01:50:26,0.866844207723036,0.8697696285848614
2025-08-08 01:50:56,0.8588548601864182,0.8584861307005173
2025-08-08 01:51:27,0.8428761651131825,0.8721203573107664
2025-08-08 01:51:57,0.8605193075898803,0.8787023977433006
2025-08-08 01:52:27,0.8508655126498004,0.8787023977433006
2025-08-08 01:52:57,0.8635153129161119,0.8631875881523273
2025-08-08 01:53:28,0.8555259653794942,0.8542548189938882
2025-08-08 01:53:58,0.866844207723036,0.8495533615420782
2025-08-08 01:54:28,0.8748335552596538,0.83638928067701
2025-08-08 01:54:59,0.8891478029294275,0.8185237423601317
2025-08-08 01:55:29,0.8891478029294275,0.8204043253408558
2025-08-08 01:55:59,0.8938082556591214,0.8114715561824166
2025-08-08 01:56:29,0.8761651131824235,0.8025387870239775
2025-08-08 01:57:00,0.8541944074567245,0.8227550540667609
2025-08-08 01:57:30,0.8382157123834888,0.842971321109544
2025-08-08 01:58:00,0.8445406125166446,0.8495533615420782
2025-08-08 01:58:30,0.8428761651131825,0.8721203573107664
2025-08-08 01:59:01,0.8478695073235687,0.8923366243535497
2025-08-08 01:59:31,0.8348868175765647,0.914903620122238
2025-08-08 02:00:01,0.8255659121171772,0.8923366243535497
2025-08-08 02:00:32,0.8222370173102531,0.8542548189938882
2025-08-08 02:01:02,0.8348868175765647,0.8495533615420782
2025-08-08 02:01:32,0.8398801597869507,0.8834038551951107
2025-08-08 02:02:02,0.8621837549933423,0.8631875881523273
2025-08-08 02:02:33,0.8811584553928096,0.8857545839210157
2025-08-08 02:03:03,0.9064580559254329,0.9012693935119888
2025-08-08 02:03:33,0.898468708388815,0.9191349318288671
2025-08-08 02:04:03,0.9111185086551266,0.9327691584391163
2025-08-08 02:04:34,0.9111185086551266,0.9304184297132113
2025-08-08 02:05:04,0.9064580559254329,0.9370004701457453
2025-08-08 02:05:34,0.8938082556591214,0.9191349318288671
2025-08-08 02:06:05,0.8858189081225034,0.8876351669017396
2025-08-08 02:06:35,0.8921438082556592,0.8857545839210157
2025-08-08 02:07:05,0.9254327563249003,0.8744710860366715
2025-08-08 02:07:35,0.9161118508655128,0.8495533615420782
2025-08-08 02:08:06,0.9111185086551266,0.847672778561354
2025-08-08 02:08:36,0.9017976031957391,0.8584861307005173
2025-08-08 02:09:06,0.8824900133155793,0.8655383168782323
2025-08-08 02:09:36,0.8588548601864182,0.8946873530794547
2025-08-08 02:10:06,0.8621837549933423,0.912552891396333
2025-08-08 02:10:37,0.866844207723036,0.9346497414198403
2025-08-08 02:11:07,0.8811584553928096,0.9459332393041844
2025-08-08 02:11:37,0.8858189081225034,0.9346497414198403
2025-08-08 02:12:08,0.8874833555259656,0.9257169722614011
2025-08-08 02:12:38,0.9144474034620507,0.914903620122238
2025-08-08 02:13:08,0.8841544607190415,0.8923366243535497
2025-08-08 02:13:38,0.8841544607190415,0.907851433944523
2025-08-08 02:14:09,0.8761651131824235,0.8989186647860837
2025-08-08 02:14:39,0.8748335552596538,0.9036201222378938
2025-08-08 02:15:09,0.8794940079893476,0.8965679360601787
2025-08-08 02:15:40,0.9031291611185088,0.8857545839210157
2025-08-08 02:16:10,0.9064580559254329,0.8584861307005173
2025-08-08 02:16:40,0.9144474034620507,0.8542548189938882
2025-08-08 02:17:10,0.9064580559254329,0.8631875881523273
2025-08-08 02:17:41,0.9081225033288949,0.8566055477197932
2025-08-08 02:18:11,0.9127829560585887,0.840620592383639
2025-08-08 02:18:41,0.9174434087882823,0.840620592383639
2025-08-08 02:19:12,0.9031291611185088,0.8274565115185709
2025-08-08 02:19:42,0.8954727030625833,0.840620592383639
2025-08-08 02:20:12,0.8891478029294275,0.8655383168782323
2025-08-08 02:20:43,0.9047936085219708,0.8655383168782323
2025-08-08 02:21:13,0.9111185086551266,0.8857545839210157
2025-08-08 02:21:43,0.9064580559254329,0.8946873530794547
2025-08-08 02:22:14,0.898468708388815,0.907851433944523
2025-08-08 02:22:44,0.9111185086551266,0.916784203102962
2025-08-08 02:23:14,0.9001331557922769,0.9191349318288671
2025-08-08 02:23:44,0.8761651131824235,0.912552891396333
2025-08-08 02:24:14,0.9001331557922769,0.910202162670428
2025-08-08 02:24:45,0.9064580559254329,0.9059708509637988
2025-08-08 02:25:15,0.9317576564580561,0.8787023977433006
2025-08-08 02:25:45,0.9207723035952065,0.8768218147625765
2025-08-08 02:26:16,0.9270972037283622,0.8697696285848614
2025-08-08 02:26:46,0.9174434087882823,0.8631875881523273
2025-08-08 02:27:16,0.933422103861518,0.8566055477197932
2025-08-08 02:27:46,0.9367509986684421,0.8655383168782323
2025-08-08 02:28:17,0.933422103861518,0.845322049835449
2025-08-08 02:28:47,0.9367509986684421,0.8293370944992949
2025-08-08 02:29:17,0.9350865512649802,0.8519040902679832
2025-08-08 02:29:48,0.9174434087882823,0.840620592383639
2025-08-08 02:30:18,0.9397470039946738,0.8697696285848614
2025-08-08 02:30:48,0.9161118508655128,0.8834038551951107
2025-08-08 02:31:18,0.9161118508655128,0.9238363892806771
2025-08-08 02:31:49,0.9017976031957391,0.9191349318288671
2025-08-08 02:32:19,0.8874833555259656,0.9327691584391163
2025-08-08 02:32:49,0.8921438082556592,0.9393511988716503
2025-08-08 02:33:20,0.9097869507323568,0.9370004701457453
2025-08-08 02:33:50,0.9224367509986686,0.9440526563234604
2025-08-08 02:34:20,0.9287616511318244,0.9346497414198403
2025-08-08 02:34:50,0.9380825565912119,0.9059708509637988
2025-08-08 02:35:20,0.9367509986684421,0.8899858956276446
2025-08-08 02:35:51,0.9494007989347537,0.8721203573107664
2025-08-08 02:36:21,0.9350865512649802,0.8787023977433006
2025-08-08 02:36:51,0.9224367509986686,0.8584861307005173
2025-08-08 02:37:22,0.9207723035952065,0.83638928067701
2025-08-08 02:37:52,0.9081225033288949,0.834038551951105
2025-08-08 02:38:22,0.9144474034620507,0.8185237423601317
2025-08-08 02:38:52,0.9111185086551266,0.834038551951105
2025-08-08 02:39:23,0.9191078561917445,0.8566055477197932
2025-08-08 02:39:53,0.8824900133155793,0.8876351669017396
2025-08-08 02:40:23,0.8811584553928096,0.9214856605547721
2025-08-08 02:40:54,0.8794940079893476,0.9280677009873062
2025-08-08 02:41:24,0.8761651131824235,0.9370004701457453
2025-08-08 02:41:54,0.8794940079893476,0.9440526563234604
2025-08-08 02:42:24,0.9001331557922769,0.9238363892806771
2025-08-08 02:42:55,0.898468708388815,0.9214856605547721
2025-08-08 02:43:25,0.9224367509986686,0.912552891396333
2025-08-08 02:43:55,0.9367509986684421,0.914903620122238
2025-08-08 02:44:26,0.9397470039946738,0.8946873530794547
2025-08-08 02:44:56,0.9380825565912119,0.9012693935119888
2025-08-08 02:45:26,0.9224367509986686,0.8946873530794547
2025-08-08 02:45:56,0.9144474034620507,0.8857545839210157
2025-08-08 02:46:27,0.9081225033288949,0.8768218147625765
2025-08-08 02:46:57,0.9031291611185088,0.8631875881523273
2025-08-08 02:47:27,0.9254327563249003,0.8697696285848614
2025-08-08 02:47:57,0.9144474034620507,0.8857545839210157
2025-08-08 02:48:28,0.9191078561917445,0.9059708509637988
2025-08-08 02:48:58,0.8954727030625833,0.9257169722614011
2025-08-08 02:49:28,0.8858189081225034,0.9459332393041844
2025-08-08 02:49:58,0.8938082556591214,0.9619181946403387
2025-08-08 02:50:29,0.8938082556591214,0.9619181946403387
2025-08-08 02:50:59,0.8841544607190415,0.9661495063469677
2025-08-08 02:51:29,0.9161118508655128,0.9619181946403387
2025-08-08 02:51:59,0.9270972037283622,0.9529854254818995
2025-08-08 02:52:30,0.9367509986684421,0.9327691584391163
2025-08-08 02:53:00,0.9367509986684421,0.9257169722614011
2025-08-08 02:53:30,0.9174434087882823,0.916784203102962
2025-08-08 02:54:00,0.9207723035952065,0.9280677009873062
2025-08-08 02:54:31,0.9287616511318244,0.9280677009873062
2025-08-08 02:55:01,0.9207723035952065,0.9214856605547721
2025-08-08 02:55:31,0.933422103861518,0.9012693935119888
2025-08-08 02:56:01,0.9510652463382159,0.8899858956276446
2025-08-08 02:56:32,0.9573901464713717,0.8876351669017396
2025-08-08 02:57:02,0.976364846870839,0.8584861307005173
2025-08-08 02:57:32,0.9540612516644476,0.8566055477197932
2025-08-08 02:58:03,0.941411451398136,0.8631875881523273
2025-08-08 02:58:33,0.933422103861518,0.8674188998589564
2025-08-08 02:59:03,0.9254327563249003,0.910202162670428
2025-08-08 02:59:34,0.9111185086551266,0.9370004701457453
2025-08-08 03:00:04,0.9017976031957391,0.9459332393041844
2025-08-08 03:00:34,0.9207723035952065,0.9708509637987778
2025-08-08 03:01:04,0.9254327563249003,0.9548660084626235
2025-08-08 03:01:35,0.9304260985352863,0.9619181946403387
2025-08-08 03:02:05,0.9161118508655128,0.9572167371885285
2025-08-08 03:02:35,0.9224367509986686,0.9821344616831219
2025-08-08 03:03:05,0.9207723035952065,1.0
2025-08-08 03:03:36,0.898468708388815,0.9863657733897508
2025-08-08 03:04:06,0.9017976031957391,0.9750822755054068
2025-08-08 03:04:36,0.9304260985352863,0.9685002350728728
2025-08-08 03:05:07,0.9017976031957391,0.9417019275975553
2025-08-08 03:05:37,0.9444074567243677,0.9393511988716503
2025-08-08 03:06:07,0.941411451398136,0.9191349318288671
2025-08-08 03:06:37,0.9667110519307591,0.9036201222378938
2025-08-08 03:07:07,0.941411451398136,0.912552891396333
2025-08-08 03:07:38,0.9444074567243677,0.8946873530794547
2025-08-08 03:08:08,0.9350865512649802,0.8787023977433006
2025-08-08 03:08:38,0.9367509986684421,0.8542548189938882
2025-08-08 03:09:09,0.9224367509986686,0.845322049835449
2025-08-08 03:09:39,0.9191078561917445,0.8185237423601317
2025-08-08 03:10:09,0.8874833555259656,0.845322049835449
2025-08-08 03:10:39,0.9144474034620507,0.8697696285848614
2025-08-08 03:11:10,0.9001331557922769,0.8946873530794547
2025-08-08 03:11:40,0.9047936085219708,0.9280677009873062
2025-08-08 03:12:10,0.8904793608521973,0.9440526563234604
2025-08-08 03:12:40,0.8921438082556592,0.9529854254818995
2025-08-08 03:13:11,0.8874833555259656,0.9750822755054068
2025-08-08 03:13:41,0.9111185086551266,0.9619181946403387
2025-08-08 03:14:11,0.9144474034620507,0.9685002350728728
2025-08-08 03:14:42,0.9367509986684421,0.9417019275975553
2025-08-08 03:15:12,0.9573901464713717,0.9280677009873062
2025-08-08 03:15:42,0.9397470039946738,0.9191349318288671
2025-08-08 03:16:12,0.9397470039946738,0.9370004701457453
2025-08-08 03:16:43,0.9494007989347537,0.9257169722614011
2025-08-08 03:17:13,0.9397470039946738,0.9304184297132113
2025-08-08 03:17:43,0.9317576564580561,0.9214856605547721
2025-08-08 03:18:14,0.9460719041278296,0.9191349318288671
2025-08-08 03:18:44,0.9573901464713717,0.916784203102962
2025-08-08 03:19:14,0.9557256990679095,0.907851433944523
2025-08-08 03:19:44,0.9700399467376832,0.8834038551951107
2025-08-08 03:20:15,0.9717043941411452,0.8721203573107664
2025-08-08 03:20:45,0.9573901464713717,0.8768218147625765
2025-08-08 03:21:15,0.9603861517976033,0.8674188998589564
2025-08-08 03:21:46,0.9430758988015979,0.8542548189938882
2025-08-08 03:22:16,0.9397470039946738,0.8744710860366715
2025-08-08 03:22:46,0.9350865512649802,0.8744710860366715
2025-08-08 03:23:16,0.9144474034620507,0.8946873530794547
2025-08-08 03:23:47,0.9224367509986686,0.9036201222378938
2025-08-08 03:24:17,0.9254327563249003,0.9191349318288671
2025-08-08 03:24:47,0.9237683089214381,0.9304184297132113
2025-08-08 03:25:18,0.9144474034620507,0.9257169722614011
2025-08-08 03:25:48,0.9111185086551266,0.9548660084626235
2025-08-08 03:26:18,0.9161118508655128,0.9619181946403387
2025-08-08 03:26:48,0.8954727030625833,0.9595674659144335
2025-08-08 03:27:19,0.9174434087882823,0.9661495063469677
2025-08-08 03:27:49,0.9380825565912119,0.9708509637987778
2025-08-08 03:28:19,0.9523968042609854,0.9417019275975553
2025-08-08 03:28:50,0.9667110519307591,0.9417019275975553
2025-08-08 03:29:20,0.9620505992010653,0.9327691584391163
2025-08-08 03:29:50,0.965046604527297,0.9619181946403387
2025-08-08 03:30:20,0.9350865512649802,0.9459332393041844
2025-08-08 03:30:51,0.9494007989347537,0.9346497414198403
2025-08-08 03:31:21,0.9557256990679095,0.9280677009873062
2025-08-08 03:31:51,0.978029294274301,0.8899858956276446
2025-08-08 03:32:21,0.9873501997336884,0.8834038551951107
2025-08-08 03:32:52,0.9717043941411452,0.8655383168782323
2025-08-08 03:33:22,0.9843541944074568,0.8495533615420782
2025-08-08 03:33:52,0.9793608521970707,0.8608368594264223
2025-08-08 03:34:22,0.9444074567243677,0.8876351669017396
2025-08-08 03:34:53,0.9444074567243677,0.9036201222378938
2025-08-08 03:35:23,0.9477363515312918,0.9214856605547721
2025-08-08 03:35:53,0.9317576564580561,0.9417019275975553
2025-08-08 03:36:23,0.9380825565912119,0.9346497414198403
2025-08-08 03:36:54,0.976364846870839,0.9506346967559944
2025-08-08 03:37:24,0.978029294274301,0.9370004701457453
2025-08-08 03:37:54,0.9843541944074568,0.912552891396333
2025-08-08 03:38:25,0.9700399467376832,0.9304184297132113
2025-08-08 03:38:55,0.9730359520639149,0.912552891396333
2025-08-08 03:39:25,0.9683754993342211,0.916784203102962
2025-08-08 03:39:56,0.9587217043941414,0.910202162670428
2025-08-08 03:40:26,0.9603861517976033,0.8965679360601787
2025-08-08 03:40:56,0.9793608521970707,0.8834038551951107
2025-08-08 03:41:26,0.9890146471371506,0.8768218147625765
2025-08-08 03:41:57,0.9936750998668444,0.8674188998589564
2025-08-08 03:42:27,1.0,0.8697696285848614
2025-08-08 03:42:57,0.9873501997336884,0.8542548189938882
2025-08-08 03:43:27,0.9730359520639149,0.8566055477197932
2025-08-08 03:43:58,0.9444074567243677,0.8655383168782323
2025-08-08 03:44:28,0.9460719041278296,0.8566055477197932
2025-08-08 03:44:58,0.9111185086551266,0.8768218147625765
2025-08-08 03:45:28,0.9287616511318244,0.9059708509637988
2025-08-08 03:45:59,0.941411451398136,0.916784203102962
2025-08-08 03:46:29,0.9587217043941414,0.9304184297132113
2025-08-08 03:46:59,0.9430758988015979,0.9346497414198403
2025-08-08 03:47:30,0.9510652463382159,0.9346497414198403
2025-08-08 03:48:00,0.9367509986684421,0.9459332393041844
2025-08-08 03:48:30,0.9287616511318244,0.9506346967559944
2025-08-08 03:49:00,0.9254327563249003,0.9548660084626235
2025-08-08 03:49:31,0.9270972037283622,0.9482839680300894
2025-08-08 03:50:01,0.941411451398136,0.9327691584391163
2025-08-08 03:50:31,0.9573901464713717,0.9370004701457453
2025-08-08 03:51:01,0.9477363515312918,0.8965679360601787
2025-08-08 03:51:32,0.9620505992010653,0.9191349318288671
2025-08-08 03:52:02,0.9683754993342211,0.8834038551951107
2025-08-08 03:52:32,0.941411451398136,0.8810531264692056
2025-08-08 03:53:02,0.9494007989347537,0.8631875881523273
2025-08-08 03:53:33,0.9557256990679095,0.8566055477197932
2025-08-08 03:54:03,0.9620505992010653,0.847672778561354
2025-08-08 03:54:33,0.9510652463382159,0.8161730136342267
2025-08-08 03:55:03,0.9430758988015979,0.8072402444757876
2025-08-08 03:55:34,0.9444074567243677,0.8227550540667609
2025-08-08 03:56:04,0.9350865512649802,0.845322049835449
2025-08-08 03:56:34,0.9144474034620507,0.8655383168782323
2025-08-08 03:57:05,0.9287616511318244,0.8857545839210157
2025-08-08 03:57:35,0.9081225033288949,0.8899858956276446
2025-08-08 03:58:05,0.9144474034620507,0.8923366243535497
2025-08-08 03:58:35,0.9174434087882823,0.8989186647860837
2025-08-08 03:59:06,0.9444074567243677,0.9036201222378938
2025-08-08 03:59:36,0.9540612516644476,0.8697696285848614
2025-08-08 04:00:06,0.9540612516644476,0.8674188998589564
2025-08-08 04:00:37,0.9494007989347537,0.8542548189938882
2025-08-08 04:01:07,0.9494007989347537,0.8631875881523273
2025-08-08 04:01:37,0.941411451398136,0.8584861307005173
2025-08-08 04:02:07,0.9477363515312918,0.845322049835449
2025-08-08 04:02:38,0.9620505992010653,0.83638928067701
2025-08-08 04:03:08,0.9510652463382159,0.8251057827926659
2025-08-08 04:03:38,0.9540612516644476,0.8138222849083216
2025-08-08 04:04:09,0.9587217043941414,0.8161730136342267
2025-08-08 04:04:39,0.933422103861518,0.8316878232252
2025-08-08 04:05:09,0.9317576564580561,0.845322049835449
2025-08-08 04:05:39,0.9254327563249003,0.8721203573107664
2025-08-08 04:06:10,0.9224367509986686,0.8857545839210157
2025-08-08 04:06:40,0.9191078561917445,0.9036201222378938
2025-08-08 04:07:10,0.9304260985352863,0.9238363892806771
2025-08-08 04:07:41,0.965046604527297,0.916784203102962
2025-08-08 04:08:11,0.9444074567243677,0.8923366243535497
2025-08-08 04:08:41,0.9683754993342211,0.8899858956276446
2025-08-08 04:09:11,0.9573901464713717,0.8768218147625765
2025-08-08 04:09:42,0.9523968042609854,0.8744710860366715
2025-08-08 04:10:12,0.9637150466045274,0.8655383168782323
2025-08-08 04:10:42,0.9523968042609854,0.8674188998589564
2025-08-08 04:11:12,0.9350865512649802,0.8721203573107664
2025-08-08 04:11:43,0.9460719041278296,0.847672778561354
2025-08-08 04:12:13,0.9603861517976033,0.834038551951105
2025-08-08 04:12:43,0.976364846870839,0.834038551951105
2025-08-08 04:13:13,0.9540612516644476,0.83638928067701
2025-08-08 04:13:44,0.9444074567243677,0.8608368594264223
2025-08-08 04:14:14,0.9127829560585887,0.8899858956276446
2025-08-08 04:14:44,0.9097869507323568,0.8989186647860837
2025-08-08 04:15:15,0.9174434087882823,0.9191349318288671
2025-08-08 04:15:45,0.9017976031957391,0.9370004701457453
2025-08-08 04:16:15,0.9254327563249003,0.9238363892806771
2025-08-08 04:16:45,0.9304260985352863,0.9304184297132113
2025-08-08 04:17:16,0.9287616511318244,0.9036201222378938
2025-08-08 04:17:46,0.9573901464713717,0.8923366243535497
2025-08-08 04:18:16,0.9494007989347537,0.8965679360601787
2025-08-08 04:18:47,0.9287616511318244,0.8923366243535497
2025-08-08 04:19:17,0.9460719041278296,0.8697696285848614
2025-08-08 04:19:47,0.9207723035952065,0.8876351669017396
2025-08-08 04:20:17,0.941411451398136,0.8946873530794547
2025-08-08 04:20:48,0.9523968042609854,0.8566055477197932
2025-08-08 04:21:18,0.9587217043941414,0.842971321109544
2025-08-08 04:21:48,0.9540612516644476,0.8293370944992949
2025-08-08 04:22:19,0.9637150466045274,0.8204043253408558
2025-08-08 04:22:49,0.9747003994673769,0.8091208274565116
2025-08-08 04:23:19,0.965046604527297,0.8091208274565116
2025-08-08 04:23:50,0.9717043941411452,0.8001880582980725
2025-08-08 04:24:20,0.9573901464713717,0.8025387870239775
2025-08-08 04:24:50,0.9587217043941414,0.8072402444757876
2025-08-08 04:25:20,0.9603861517976033,0.7780912082745652
2025-08-08 04:25:51,0.978029294274301,0.8138222849083216
2025-08-08 04:26:21,0.9667110519307591,0.8114715561824166
2025-08-08 04:26:51,0.9826897470039948,0.8674188998589564
2025-08-08 04:27:21,0.9700399467376832,0.8744710860366715
2025-08-08 04:27:52,0.9477363515312918,0.9257169722614011
2025-08-08 04:28:22,0.9477363515312918,0.9036201222378938
2025-08-08 04:28:52,0.933422103861518,0.9257169722614011
2025-08-08 04:29:22,0.9430758988015979,0.9191349318288671
2025-08-08 04:29:53,0.9510652463382159,0.9257169722614011
2025-08-08 04:30:23,0.9856857523302265,0.914903620122238
2025-08-08 04:30:53,0.9890146471371506,0.907851433944523
2025-08-08 04:31:24,0.976364846870839,0.8857545839210157
2025-08-08 04:31:54,0.9793608521970707,0.8810531264692056
2025-08-08 04:32:24,0.9856857523302265,0.8810531264692056
2025-08-08 04:32:54,0.9856857523302265,0.8566055477197932
2025-08-08 04:33:25,0.9793608521970707,0.847672778561354
2025-08-08 04:33:55,0.9856857523302265,0.8316878232252
2025-08-08 04:34:25,0.9826897470039948,0.8001880582980725
2025-08-08 04:34:55,0.9953395472703064,0.8001880582980725
2025-08-08 04:35:26,0.9923435419440747,0.8138222849083216
2025-08-08 04:35:56,0.9747003994673769,0.8025387870239775
2025-08-08 04:36:26,0.9620505992010653,0.8204043253408558
2025-08-08 04:36:56,0.9430758988015979,0.847672778561354
2025-08-08 04:37:27,0.9510652463382159,0.8768218147625765
2025-08-08 04:37:57,0.9397470039946738,0.8965679360601787
2025-08-08 04:38:27,0.9494007989347537,0.8946873530794547
2025-08-08 04:38:58,0.9557256990679095,0.914903620122238
2025-08-08 04:39:28,0.9667110519307591,0.907851433944523
2025-08-08 04:39:58,0.9700399467376832,0.9214856605547721
2025-08-08 04:40:28,0.9620505992010653,0.910202162670428
2025-08-08 04:40:59,0.9523968042609854,0.916784203102962
2025-08-08 04:41:29,0.9523968042609854,0.9036201222378938
2025-08-08 04:41:59,0.9557256990679095,0.8876351669017396
2025-08-08 04:42:29,0.9620505992010653,0.8923366243535497
2025-08-08 04:43:00,0.9540612516644476,0.8857545839210157
2025-08-08 04:43:30,0.9793608521970707,0.8631875881523273
2025-08-08 04:44:00,0.9936750998668444,0.8631875881523273
2025-08-08 04:44:30,0.9923435419440747,0.847672778561354
2025-08-08 04:45:01,0.9873501997336884,0.847672778561354
2025-08-08 04:45:31,0.976364846870839,0.834038551951105
2025-08-08 04:46:01,0.978029294274301,0.834038551951105
2025-08-08 04:46:31,0.9603861517976033,0.8227550540667609
2025-08-08 04:47:02,0.9573901464713717,0.8227550540667609
2025-08-08 04:47:32,0.9397470039946738,0.8274565115185709
2025-08-08 04:48:02,0.9430758988015979,0.83638928067701
2025-08-08 04:48:33,0.9637150466045274,0.8655383168782323
2025-08-08 04:49:03,0.9510652463382159,0.8608368594264223
2025-08-08 04:49:33,0.9540612516644476,0.8768218147625765
2025-08-08 04:50:03,0.9270972037283622,0.8721203573107664
2025-08-08 04:50:34,0.9444074567243677,0.8857545839210157
2025-08-08 04:51:04,0.9460719041278296,0.907851433944523
2025-08-08 04:51:34,0.9380825565912119,0.9036201222378938
2025-08-08 04:52:05,0.9523968042609854,0.8923366243535497
2025-08-08 04:52:35,0.9700399467376832,0.916784203102962
2025-08-08 04:53:05,0.9843541944074568,0.8834038551951107
2025-08-08 04:53:36,0.9873501997336884,0.8834038551951107
2025-08-08 04:54:06,0.976364846870839,0.8834038551951107
2025-08-08 04:54:36,0.9906790945406125,0.8768218147625765
2025-08-08 04:55:06,0.9856857523302265,0.8674188998589564
2025-08-08 04:55:37,0.965046604527297,0.8519040902679832
2025-08-08 04:56:07,0.9667110519307591,0.8316878232252
2025-08-08 04:56:37,0.9747003994673769,0.8185237423601317
2025-08-08 04:57:07,0.9793608521970707,0.8138222849083216
2025-08-08 04:57:38,0.9717043941411452,0.8114715561824166
2025-08-08 04:58:08,0.9477363515312918,0.8204043253408558
2025-08-08 04:58:38,0.941411451398136,0.8631875881523273
2025-08-08 04:59:08,0.9444074567243677,0.8674188998589564
2025-08-08 04:59:39,0.9304260985352863,0.8857545839210157
2025-08-08 05:00:09,0.9161118508655128,0.914903620122238
2025-08-08 05:00:39,0.9254327563249003,0.8834038551951107
2025-08-08 05:01:10,0.9397470039946738,0.8899858956276446
2025-08-08 05:01:40,0.9397470039946738,0.8721203573107664
2025-08-08 05:02:10,0.9620505992010653,0.8721203573107664
2025-08-08 05:02:40,0.9540612516644476,0.8810531264692056
2025-08-08 05:03:11,0.9350865512649802,0.8631875881523273
2025-08-08 05:03:41,0.9587217043941414,0.8768218147625765
2025-08-08 05:04:11,0.9540612516644476,0.8697696285848614
2025-08-08 05:04:41,0.9494007989347537,0.8495533615420782
2025-08-08 05:05:12,0.9444074567243677,0.7983074753173485
2025-08-08 05:05:42,0.9573901464713717,0.7846732487070993
2025-08-08 05:06:12,0.976364846870839,0.7668077103902211
2025-08-08 05:06:42,0.965046604527297,0.7602256699576869
2025-08-08 05:07:13,0.9510652463382159,0.7442407146215327
2025-08-08 05:07:43,0.9444074567243677,0.7602256699576869
2025-08-08 05:08:13,0.9350865512649802,0.7489421720733428
2025-08-08 05:08:44,0.9494007989347537,0.7602256699576869
2025-08-08 05:09:14,0.9237683089214381,0.7733897508227552
2025-08-08 05:09:44,0.9224367509986686,0.7799717912552893
2025-08-08 05:10:14,0.941411451398136,0.7668077103902211
2025-08-08 05:10:45,0.9380825565912119,0.7644569816643161
2025-08-08 05:11:15,0.9523968042609854,0.7555242125058769
2025-08-08 05:11:45,0.9587217043941414,0.7602256699576869
2025-08-08 05:12:15,0.9444074567243677,0.7310766337564646
2025-08-08 05:12:46,0.9304260985352863,0.7329572167371887
2025-08-08 05:13:16,0.9287616511318244,0.7174424071462154
2025-08-08 05:13:46,0.9317576564580561,0.7216737188528445
2025-08-08 05:14:17,0.9350865512649802,0.7038081805359662
2025-08-08 05:14:47,0.9350865512649802,0.683591913493183
2025-08-08 05:15:17,0.965046604527297,0.6727785613540198
2025-08-08 05:15:47,0.9540612516644476,0.6478608368594264
2025-08-08 05:16:18,0.9557256990679095,0.6746591443347438
2025-08-08 05:16:48,0.9430758988015979,0.6346967559943584
2025-08-08 05:17:18,0.9097869507323568,0.6746591443347438
2025-08-08 05:17:49,0.9031291611185088,0.7038081805359662
2025-08-08 05:18:19,0.8954727030625833,0.7061589092618712
2025-08-08 05:18:49,0.9097869507323568,0.7174424071462154
2025-08-08 05:19:19,0.933422103861518,0.7061589092618712
2025-08-08 05:19:50,0.9350865512649802,0.7263751763046545
2025-08-08 05:20:20,0.9237683089214381,0.7061589092618712
2025-08-08 05:20:50,0.9111185086551266,0.7240244475787495
2025-08-08 05:21:20,0.8891478029294275,0.7329572167371887
2025-08-08 05:21:51,0.9097869507323568,0.7329572167371887
2025-08-08 05:22:21,0.9017976031957391,0.7353079454630937
2025-08-08 05:22:51,0.8921438082556592,0.6948754113775271
2025-08-08 05:23:21,0.9064580559254329,0.6882933709449931
2025-08-08 05:23:52,0.9304260985352863,0.6882933709449931
2025-08-08 05:24:22,0.9270972037283622,0.6657263751763047
2025-08-08 05:24:52,0.9224367509986686,0.6502115655853314
2025-08-08 05:25:23,0.9287616511318244,0.6389280677009874
2025-08-08 05:25:53,0.9081225033288949,0.6299952985425483
2025-08-08 05:26:23,0.9017976031957391,0.616361071932299
2025-08-08 05:26:53,0.8874833555259656,0.5895627644569817
2025-08-08 05:27:24,0.8778295605858857,0.5895627644569817
2025-08-08 05:27:54,0.8748335552596538,0.5872120357310767
2025-08-08 05:28:24,0.866844207723036,0.6299952985425483
2025-08-08 05:28:54,0.8841544607190415,0.6299952985425483
2025-08-08 05:29:25,0.8555259653794942,0.6544428772919606
2025-08-08 05:29:55,0.8651797603195739,0.6614950634696757
2025-08-08 05:30:25,0.8492010652463383,0.6882933709449931
2025-08-08 05:30:56,0.8588548601864182,0.6972261401034321
2025-08-08 05:31:26,0.8748335552596538,0.6929948283968032
2025-08-08 05:31:56,0.8841544607190415,0.6929948283968032
2025-08-08 05:32:26,0.8874833555259656,0.6746591443347438
2025-08-08 05:32:57,0.8938082556591214,0.6525622943112365
2025-08-08 05:33:27,0.8954727030625833,0.6436295251527975
2025-08-08 05:33:57,0.9017976031957391,0.6455101081335214
2025-08-08 05:34:27,0.8824900133155793,0.6478608368594264
2025-08-08 05:34:58,0.9111185086551266,0.6210625293841091
2025-08-08 05:35:28,0.8891478029294275,0.609779031499765
2025-08-08 05:35:58,0.8938082556591214,0.60742830277386
2025-08-08 05:36:29,0.8891478029294275,0.5872120357310767
2025-08-08 05:36:59,0.9111185086551266,0.5829807240244477
2025-08-08 05:37:29,0.9111185086551266,0.5561824165491304
2025-08-08 05:37:59,0.9031291611185088,0.535966149506347
2025-08-08 05:38:30,0.8968042609853528,0.5561824165491304
2025-08-08 05:39:00,0.8715046604527297,0.537846732487071
2025-08-08 05:39:30,0.8748335552596538,0.5538316878232253
2025-08-08 05:40:00,0.8508655126498004,0.5942642219087919
2025-08-08 05:40:31,0.8555259653794942,0.614480488951575
2025-08-08 05:41:01,0.8824900133155793,0.6323460272684533
2025-08-08 05:41:31,0.8841544607190415,0.6299952985425483
2025-08-08 05:42:02,0.8874833555259656,0.6210625293841091
2025-08-08 05:42:32,0.8731691078561918,0.6502115655853314
2025-08-08 05:43:02,0.9031291611185088,0.6412787964268925
2025-08-08 05:43:32,0.8858189081225034,0.6478608368594264
2025-08-08 05:44:03,0.8761651131824235,0.6346967559943584
2025-08-08 05:44:33,0.8858189081225034,0.6389280677009874
2025-08-08 05:45:03,0.8938082556591214,0.6727785613540198
2025-08-08 05:45:33,0.9017976031957391,0.6346967559943584
2025-08-08 05:46:04,0.9081225033288949,0.6299952985425483
2025-08-08 05:46:34,0.9064580559254329,0.61212976022567
2025-08-08 05:47:04,0.9367509986684421,0.60742830277386
2025-08-08 05:47:35,0.9161118508655128,0.5919134931828868
2025-08-08 05:48:05,0.9287616511318244,0.5829807240244477
2025-08-08 05:48:35,0.9047936085219708,0.5651151857075694
2025-08-08 05:49:05,0.9081225033288949,0.5491302303714152
2025-08-08 05:49:36,0.9001331557922769,0.5604137282557593
2025-08-08 05:50:06,0.9064580559254329,0.5448989186647861
2025-08-08 05:50:36,0.9064580559254329,0.5401974612129761
2025-08-08 05:51:06,0.8778295605858857,0.5514809590973203
2025-08-08 05:51:37,0.8635153129161119,0.5872120357310767
2025-08-08 05:52:07,0.8605193075898803,0.6365773389750824
2025-08-08 05:52:37,0.8588548601864182,0.6544428772919606
2025-08-08 05:53:07,0.8555259653794942,0.6638457921955807
2025-08-08 05:53:38,0.8824900133155793,0.679360601786554
2025-08-08 05:54:08,0.8778295605858857,0.679360601786554
2025-08-08 05:54:38,0.8794940079893476,0.6746591443347438
2025-08-08 05:55:09,0.9144474034620507,0.6704278326281148
2025-08-08 05:55:39,0.9161118508655128,0.6544428772919606
2025-08-08 05:56:09,0.9031291611185088,0.6567936060178656
2025-08-08 05:56:39,0.8938082556591214,0.6478608368594264
2025-08-08 05:57:10,0.9047936085219708,0.6502115655853314
2025-08-08 05:57:40,0.9047936085219708,0.6412787964268925
2025-08-08 05:58:10,0.9017976031957391,0.6055477197931359
2025-08-08 05:58:40,0.9081225033288949,0.5853314527503527
2025-08-08 05:59:11,0.9097869507323568,0.5693464974141985
2025-08-08 05:59:41,0.9270972037283622,0.5538316878232253
2025-08-08 06:00:11,0.9191078561917445,0.5491302303714152
2025-08-08 06:00:41,0.9270972037283622,0.535966149506347
2025-08-08 06:01:12,0.9224367509986686,0.5448989186647861
2025-08-08 06:01:42,0.9207723035952065,0.531264692054537
2025-08-08 06:02:13,0.9017976031957391,0.5270333803479079
2025-08-08 06:02:43,0.8921438082556592,0.5157498824635638
2025-08-08 06:03:13,0.8811584553928096,0.5086976962858487
2025-08-08 06:03:43,0.8731691078561918,0.49553361542078045
2025-08-08 06:04:14,0.8478695073235687,0.5068171133051247
2025-08-08 06:04:44,0.8731691078561918,0.5401974612129761
2025-08-08 06:05:14,0.8635153129161119,0.5651151857075694
2025-08-08 06:05:44,0.8555259653794942,0.5716972261401035
2025-08-08 06:06:15,0.8492010652463383,0.5942642219087919
2025-08-08 06:06:45,0.8478695073235687,0.5895627644569817
2025-08-08 06:07:15,0.8571904127829562,0.5895627644569817
2025-08-08 06:07:45,0.8621837549933423,0.5829807240244477
2025-08-08 06:08:16,0.866844207723036,0.5853314527503527
2025-08-08 06:08:46,0.8794940079893476,0.5669957686882935
2025-08-08 06:09:16,0.8778295605858857,0.5561824165491304
2025-08-08 06:09:47,0.8748335552596538,0.5425481899388811
2025-08-08 06:10:17,0.8731691078561918,0.5514809590973203
2025-08-08 06:10:47,0.8541944074567245,0.537846732487071
2025-08-08 06:11:17,0.8635153129161119,0.5110484250117537
2025-08-08 06:11:48,0.8715046604527297,0.49553361542078045
2025-08-08 06:12:18,0.8698402130492677,0.48189938881053135
2025-08-08 06:12:48,0.8811584553928096,0.4729666196520922
2025-08-08 06:13:18,0.8731691078561918,0.44851904090267986
2025-08-08 06:13:49,0.8715046604527297,0.4395862717442408
2025-08-08 06:14:19,0.8348868175765647,0.4776680771039023
2025-08-08 06:14:49,0.8255659121171772,0.4978843441466855
2025-08-08 06:15:19,0.8192410119840214,0.5181006111894688
2025-08-08 06:15:50,0.8142476697736353,0.5514809590973203
2025-08-08 06:16:20,0.8365512649800266,0.537846732487071
2025-08-08 06:16:50,0.8348868175765647,0.5693464974141985
2025-08-08 06:17:20,0.8192410119840214,0.5561824165491304
2025-08-08 06:17:51,0.8508655126498004,0.537846732487071
2025-08-08 06:18:21,0.8428761651131825,0.5472496473906912
2025-08-08 06:18:51,0.833555259653795,0.5561824165491304
2025-08-08 06:19:22,0.8175765645805594,0.5627644569816643
2025-08-08 06:19:52,0.8175765645805594,0.5401974612129761
2025-08-08 06:20:22,0.8209054593874834,0.537846732487071
2025-08-08 06:20:53,0.8222370173102531,0.533615420780442
2025-08-08 06:21:23,0.8272303595206393,0.5044663845792197
2025-08-08 06:21:53,0.8365512649800266,0.49083215796897045
2025-08-08 06:22:23,0.8348868175765647,0.4800188058298073
2025-08-08 06:22:53,0.8398801597869507,0.4640338504936531
2025-08-08 06:23:24,0.8255659121171772,0.4842501175364364
2025-08-08 06:23:54,0.8239014647137152,0.4663845792195581
2025-08-08 06:24:24,0.8365512649800266,0.44851904090267986
2025-08-08 06:24:55,0.831890812250333,0.47061589092618716
2025-08-08 06:25:25,0.8398801597869507,0.42360131640808657
2025-08-08 06:25:55,0.831890812250333,0.41701927597555244
2025-08-08 06:26:25,0.8272303595206393,0.42360131640808657
2025-08-08 06:26:56,0.8382157123834888,0.41937000470145747
2025-08-08 06:27:26,0.8365512649800266,0.45980253878702404
2025-08-08 06:27:56,0.8222370173102531,0.4663845792195581
2025-08-08 06:28:27,0.8302263648468708,0.4866008462623414
2025-08-08 06:28:57,0.8285619174434089,0.4776680771039023
2025-08-08 06:29:27,0.8209054593874834,0.49553361542078045
2025-08-08 06:29:57,0.8348868175765647,0.4776680771039023
2025-08-08 06:30:28,0.8492010652463383,0.4842501175364364
2025-08-08 06:30:58,0.8492010652463383,0.4663845792195581
2025-08-08 06:31:28,0.833555259653795,0.4729666196520922
2025-08-08 06:31:58,0.831890812250333,0.4640338504936531
2025-08-08 06:32:29,0.8285619174434089,0.4438175834508698
2025-08-08 06:32:59,0.8272303595206393,0.45275035260930896
2025-08-08 06:33:29,0.8222370173102531,0.4283027738598966
2025-08-08 06:33:59,0.833555259653795,0.43065350258580165
2025-08-08 06:34:30,0.8175765645805594,0.4123178185237424
2025-08-08 06:35:00,0.8492010652463383,0.3968030089327692
2025-08-08 06:35:30,0.8508655126498004,0.4104372355430184
2025-08-08 06:36:00,0.8508655126498004,0.39915373765867423
2025-08-08 06:36:31,0.831890812250333,0.3944522802068642
2025-08-08 06:37:01,0.8112516644474035,0.37000470145745185
2025-08-08 06:37:31,0.8239014647137152,0.38128819934179603
2025-08-08 06:38:01,0.8302263648468708,0.376586741889986
2025-08-08 06:38:32,0.8095872170439415,0.3723554301833569
2025-08-08 06:39:02,0.8159121171770973,0.3563704748472027
2025-08-08 06:39:32,0.8255659121171772,0.3408556652562295
2025-08-08 06:40:03,0.8415446071904129,0.35213916314057364
2025-08-08 06:40:33,0.8348868175765647,0.3653032440056418
2025-08-08 06:41:03,0.8159121171770973,0.37000470145745185
2025-08-08 06:41:33,0.8272303595206393,0.3878702397743301
2025-08-08 06:42:04,0.8255659121171772,0.41701927597555244
2025-08-08 06:42:34,0.8239014647137152,0.40573577809120837
2025-08-08 06:43:04,0.8285619174434089,0.40573577809120837
2025-08-08 06:43:34,0.831890812250333,0.39022096850023513
2025-08-08 06:44:05,0.8398801597869507,0.376586741889986
2025-08-08 06:44:35,0.8462050599201066,0.36342266102491777
2025-08-08 06:45:05,0.8428761651131825,0.35213916314057364
2025-08-08 06:45:35,0.8415446071904129,0.3450869769628585
2025-08-08 06:46:06,0.8365512649800266,0.34743770568876353
2025-08-08 06:46:36,0.8129161118508657,0.3295721673718853
2025-08-08 06:47:06,0.8285619174434089,0.34320639398213454
2025-08-08 06:47:36,0.8112516644474035,0.3248707099200753
2025-08-08 06:48:07,0.8428761651131825,0.3093559003291021
2025-08-08 06:48:37,0.8428761651131825,0.2980724024447579
2025-08-08 06:49:07,0.8398801597869507,0.29149036201222384
2025-08-08 06:49:37,0.8398801597869507,0.29149036201222384
2025-08-08 06:50:08,0.8365512649800266,0.2891396332863188
2025-08-08 06:50:38,0.8255659121171772,0.31405735778091215
2025-08-08 06:51:08,0.831890812250333,0.35213916314057364
2025-08-08 06:51:39,0.8192410119840214,0.3723554301833569
2025-08-08 06:52:09,0.8209054593874834,0.3653032440056418
2025-08-08 06:52:39,0.831890812250333,0.36342266102491777
2025-08-08 06:53:09,0.8222370173102531,0.35213916314057364
2025-08-08 06:53:40,0.8462050599201066,0.36342266102491777
2025-08-08 06:54:10,0.8302263648468708,0.3450869769628585
2025-08-08 06:54:40,0.8209054593874834,0.36107193229901274
2025-08-08 06:55:10,0.8239014647137152,0.37000470145745185
2025-08-08 06:55:41,0.8175765645805594,0.34743770568876353
2025-08-08 06:56:11,0.8239014647137152,0.34320639398213454
2025-08-08 06:56:41,0.8285619174434089,0.3587212035731077
2025-08-08 06:57:12,0.833555259653795,0.3229901269393512
2025-08-08 06:57:42,0.8398801597869507,0.29619181946403395
2025-08-08 06:58:12,0.8382157123834888,0.2778561354019747
2025-08-08 06:58:42,0.8382157123834888,0.2867889045604138
2025-08-08 06:59:13,0.8159121171770973,0.2689233662435355
2025-08-08 06:59:43,0.8285619174434089,0.2712740949694406
2025-08-08 07:00:13,0.7986018641810919,0.2802068641278797
2025-08-08 07:00:43,0.8129161118508657,0.2689233662435355
2025-08-08 07:01:14,0.8032623169107858,0.28255759285378473
2025-08-08 07:01:44,0.800266311584554,0.2670427832628115
2025-08-08 07:02:14,0.8272303595206393,0.2576398683591914
2025-08-08 07:02:45,0.8348868175765647,0.25575928537846737
2025-08-08 07:03:15,0.8239014647137152,0.2646920545369065
2025-08-08 07:03:45,0.8142476697736353,0.2778561354019747
2025-08-08 07:04:15,0.8015978695073236,0.27362482369534563
2025-08-08 07:04:46,0.8049267643142477,0.2712740949694406
2025-08-08 07:05:16,0.7969374167776299,0.2670427832628115
2025-08-08 07:05:46,0.7986018641810919,0.26234132581100145
2025-08-08 07:06:17,0.7952729693741678,0.21297602256699583
2025-08-08 07:06:47,0.8142476697736353,0.22661024917724498
2025-08-08 07:07:17,0.7729693741677763,0.23319228960977906
2025-08-08 07:07:47,0.765312916111851,0.2599905970850964
2025-08-08 07:08:18,0.7476697736351532,0.26234132581100145
2025-08-08 07:08:48,0.7430093209054595,0.2980724024447579
2025-08-08 07:09:18,0.7460053262316912,0.33615420780441946
2025-08-08 07:09:48,0.7383488681757657,0.34743770568876353
2025-08-08 07:10:19,0.7589880159786951,0.3408556652562295
2025-08-08 07:10:49,0.7619840213049269,0.3653032440056418
2025-08-08 07:11:19,0.7666444740346205,0.3385049365303245
2025-08-08 07:11:50,0.7859520639147803,0.34978843441466856
2025-08-08 07:12:20,0.7762982689747004,0.37000470145745185
2025-08-08 07:12:50,0.7716378162450067,0.3450869769628585
2025-08-08 07:13:20,0.7666444740346205,0.3385049365303245
2025-08-08 07:13:51,0.7746338215712385,0.33615420780441946
2025-08-08 07:14:21,0.7699733688415447,0.3342736248236954
2025-08-08 07:14:51,0.7716378162450067,0.3229901269393512
2025-08-08 07:15:21,0.7636484687083889,0.2980724024447579
2025-08-08 07:15:52,0.7809587217043943,0.30277385989656797
2025-08-08 07:16:22,0.7779627163781626,0.2576398683591914
2025-08-08 07:16:52,0.7809587217043943,0.2646920545369065
2025-08-08 07:17:23,0.7699733688415447,0.2689233662435355
2025-08-08 07:17:53,0.7430093209054595,0.2689233662435355
2025-08-08 07:18:23,0.7493342210386154,0.2444757874941232
2025-08-08 07:18:53,0.753994673768309,0.2576398683591914
2025-08-08 07:19:24,0.7636484687083889,0.2444757874941232
2025-08-08 07:19:54,0.7573235685752331,0.22190879172543493
2025-08-08 07:20:24,0.753994673768309,0.21532675129290085
2025-08-08 07:20:55,0.7476697736351532,0.23319228960977906
2025-08-08 07:21:25,0.7286950732356858,0.2778561354019747
2025-08-08 07:21:55,0.7286950732356858,0.2778561354019747
2025-08-08 07:22:25,0.7383488681757657,0.30700517160319707
2025-08-08 07:22:55,0.7430093209054595,0.31405735778091215
2025-08-08 07:23:26,0.7366844207723037,0.3093559003291021
2025-08-08 07:23:56,0.7460053262316912,0.30042313117066294
2025-08-08 07:24:26,0.7350199733688416,0.2867889045604138
2025-08-08 07:24:57,0.7396804260985353,0.2802068641278797
2025-08-08 07:25:27,0.7303595206391479,0.2778561354019747
2025-08-08 07:25:57,0.7350199733688416,0.2980724024447579
2025-08-08 07:26:28,0.7177097203728363,0.27362482369534563
2025-08-08 07:26:58,0.7160452729693743,0.2689233662435355
2025-08-08 07:27:28,0.7286950732356858,0.2802068641278797
2025-08-08 07:27:58,0.7430093209054595,0.2510578279266573
2025-08-08 07:28:28,0.7413448735019974,0.24212505876821816
2025-08-08 07:28:59,0.7430093209054595,0.21532675129290085
2025-08-08 07:29:29,0.7460053262316912,0.1885284438175835
2025-08-08 07:29:59,0.7383488681757657,0.18617771509167846
2025-08-08 07:30:30,0.7446737683089215,0.154677950164551
2025-08-08 07:31:00,0.7177097203728363,0.16125999059708512
2025-08-08 07:31:30,0.7270306258322238,0.16125999059708512
2025-08-08 07:32:00,0.6920772303595207,0.13916314057357781
2025-08-08 07:32:31,0.6907456724367511,0.15232722143864597
2025-08-08 07:33:01,0.6970705725699069,0.17254348848142925
2025-08-08 07:33:31,0.7160452729693743,0.19934179595674661
2025-08-08 07:34:01,0.6920772303595207,0.21297602256699583
2025-08-08 07:34:32,0.7097203728362185,0.228490832157969
2025-08-08 07:35:02,0.6907456724367511,0.25340855665256234
2025-08-08 07:35:32,0.7017310252996005,0.24212505876821816
2025-08-08 07:36:02,0.7080559254327564,0.24870709920075224
2025-08-08 07:36:33,0.7047270306258323,0.2712740949694406
2025-08-08 07:37:03,0.7047270306258323,0.24870709920075224
2025-08-08 07:37:33,0.7097203728362185,0.22661024917724498
2025-08-08 07:38:03,0.720705725699068,0.2444757874941232
2025-08-08 07:38:34,0.7303595206391479,0.20874471086036672
2025-08-08 07:39:04,0.7177097203728363,0.1795956746591444
2025-08-08 07:39:34,0.7143808255659122,0.1683121767748002
2025-08-08 07:40:05,0.720705725699068,0.19275975552421254
2025-08-08 07:40:35,0.7097203728362185,0.18617771509167846
2025-08-08 07:41:05,0.6920772303595207,0.1885284438175835
2025-08-08 07:41:35,0.6827563249001333,0.19275975552421254
2025-08-08 07:42:06,0.6557922769640481,0.15044663845792194
2025-08-08 07:42:36,0.6604527296937417,0.17489421720733428
2025-08-08 07:43:06,0.7080559254327564,0.2378937470615891
2025-08-08 07:43:36,0.6907456724367511,0.23319228960977906
2025-08-08 07:44:06,0.689081225033289,0.2510578279266573
2025-08-08 07:44:37,0.6954061251664448,0.2670427832628115
2025-08-08 07:45:07,0.6764314247669774,0.26234132581100145
2025-08-08 07:45:37,0.6920772303595207,0.26234132581100145
2025-08-08 07:46:08,0.7097203728362185,0.23977433004231313
2025-08-08 07:46:38,0.7097203728362185,0.23084156088387403
2025-08-08 07:47:08,0.7177097203728363,0.23319228960977906
2025-08-08 07:47:38,0.6970705725699069,0.21297602256699583
2025-08-08 07:48:09,0.7127163781624501,0.20169252468265164
2025-08-08 07:48:39,0.6857523302263648,0.21532675129290085
2025-08-08 07:49:09,0.6970705725699069,0.22425952045133996
2025-08-08 07:49:39,0.6840878828229029,0.21532675129290085
2025-08-08 07:50:10,0.687416777629827,0.17019275975552423
2025-08-08 07:50:40,0.6840878828229029,0.1772449459332393
2025-08-08 07:51:10,0.689081225033289,0.14809590973201692
2025-08-08 07:51:41,0.6920772303595207,0.11894687353079457
2025-08-08 07:52:11,0.7033954727030627,0.11189468735307946
2025-08-08 07:52:41,0.7000665778961386,0.09873060648801128
2025-08-08 07:53:11,0.6937416777629828,0.11189468735307946
2025-08-08 07:53:42,0.6764314247669774,0.11189468735307946
2025-08-08 07:54:12,0.6764314247669774,0.10531264692054539
2025-08-08 07:54:42,0.6747669773635154,0.12317818523742362
2025-08-08 07:55:12,0.6954061251664448,0.13446168312176776
2025-08-08 07:55:43,0.6731025299600533,0.14104372355430184
2025-08-08 07:56:13,0.7063914780292944,0.11189468735307946
2025-08-08 07:56:43,0.6970705725699069,0.11894687353079457
2025-08-08 07:57:13,0.6827563249001333,0.1457451810061119
2025-08-08 07:57:44,0.6747669773635154,0.1457451810061119
2025-08-08 07:58:14,0.6684420772303596,0.13446168312176776
2025-08-08 07:58:44,0.6747669773635154,0.14339445228020686
2025-08-08 07:59:14,0.687416777629827,0.12787964268923369
2025-08-08 07:59:45,0.6984021304926764,0.09402914903620123
2025-08-08 08:00:15,0.6937416777629828,0.06488011283497885
2025-08-08 08:00:45,0.7017310252996005,0.07193229901269393
2025-08-08 08:01:15,0.6827563249001333,0.06723084156088388
2025-08-08 08:01:46,0.6684420772303596,0.08744710860366715
2025-08-08 08:02:16,0.687416777629827,0.12787964268923369
2025-08-08 08:02:46,0.6714380825565913,0.14104372355430184
2025-08-08 08:03:17,0.6587882822902797,0.14339445228020686
2025-08-08 08:03:47,0.6557922769640481,0.154677950164551
2025-08-08 08:04:17,0.6747669773635154,0.16596144804889518
2025-08-08 08:04:47,0.6840878828229029,0.13916314057357781
2025-08-08 08:05:18,0.7017310252996005,0.15232722143864597
2025-08-08 08:05:48,0.6984021304926764,0.16125999059708512
2025-08-08 08:06:18,0.6840878828229029,0.15044663845792194
2025-08-08 08:06:48,0.6907456724367511,0.16361071932299015
2025-08-08 08:07:19,0.6747669773635154,0.15702867889045602
2025-08-08 08:07:49,0.687416777629827,0.13446168312176776
2025-08-08 08:08:19,0.6937416777629828,0.1302303714151387
2025-08-08 08:08:49,0.7000665778961386,0.11424541607898449
2025-08-08 08:09:20,0.7097203728362185,0.08509637987776211
2025-08-08 08:09:50,0.7160452729693743,0.10108133521391632
2025-08-08 08:10:20,0.6840878828229029,0.08979783732957218
2025-08-08 08:10:50,0.7000665778961386,0.08744710860366715
2025-08-08 08:11:21,0.6840878828229029,0.08509637987776211
2025-08-08 08:11:51,0.6920772303595207,0.1368124118476728
2025-08-08 08:12:21,0.7000665778961386,0.13916314057357781
2025-08-08 08:12:52,0.7033954727030627,0.15044663845792194
2025-08-08 08:13:22,0.72237017310253,0.14809590973201692
2025-08-08 08:13:52,0.7286950732356858,0.15232722143864597
2025-08-08 08:14:22,0.7143808255659122,0.1457451810061119
2025-08-08 08:14:53,0.7240346205059921,0.12787964268923369
2025-08-08 08:15:23,0.7047270306258323,0.11659614480488951
2025-08-08 08:15:53,0.6970705725699069,0.14104372355430184
2025-08-08 08:16:23,0.7160452729693743,0.12317818523742362
2025-08-08 08:16:54,0.72237017310253,0.10296191819464036
2025-08-08 08:17:24,0.6984021304926764,0.10296191819464036
2025-08-08 08:17:54,0.7190412782956059,0.06299952985425483
2025-08-08 08:18:24,0.7253661784287617,0.07193229901269393
2025-08-08 08:18:55,0.6937416777629828,0.04936530324400565
2025-08-08 08:19:25,0.6731025299600533,0.04466384579219559
2025-08-08 08:19:55,0.6731025299600533,0.08744710860366715
2025-08-08 08:20:25,0.6604527296937417,0.11894687353079457
2025-08-08 08:20:56,0.6764314247669774,0.13211095439586273
2025-08-08 08:21:26,0.6777629826897471,0.14104372355430184
2025-08-08 08:21:56,0.6954061251664448,0.12552891396332866
2025-08-08 08:22:26,0.6827563249001333,0.10766337564645041
2025-08-08 08:22:57,0.6857523302263648,0.1212976022566996
2025-08-08 08:23:27,0.6920772303595207,0.1212976022566996
2025-08-08 08:23:57,0.6714380825565913,0.11894687353079457
2025-08-08 08:24:28,0.6827563249001333,0.09402914903620123
2025-08-08 08:24:58,0.6731025299600533,0.11894687353079457
2025-08-08 08:25:28,0.6731025299600533,0.0832157968970381
2025-08-08 08:25:58,0.6970705725699069,0.07381288199341797
2025-08-08 08:26:29,0.6840878828229029,0.04278326281147156
2025-08-08 08:26:59,0.6840878828229029,0.029149036201222382
2025-08-08 08:27:29,0.7000665778961386,0.0225669957686883
2025-08-08 08:27:59,0.6701065246338216,0.011283497884344146
2025-08-08 08:28:30,0.6714380825565913,0.011283497884344146
2025-08-08 08:29:00,0.6541278295605859,0.02679830747531735
2025-08-08 08:29:30,0.6621171770972039,0.011283497884344146
2025-08-08 08:30:01,0.6571238348868176,0.008932769158439116
2025-08-08 08:30:31,0.644474034620506,0.029149036201222382
2025-08-08 08:31:01,0.652463382157124,0.0380818053596615
2025-08-08 08:31:31,0.6621171770972039,0.0380818053596615
2025-08-08 08:32:02,0.6557922769640481,0.06488011283497885
2025-08-08 08:32:32,0.6507989347536618,0.07193229901269393
2025-08-08 08:33:02,0.6461384820239682,0.09637987776210626
2025-08-08 08:33:32,0.644474034620506,0.06958157028678891
2025-08-08 08:34:03,0.6507989347536618,0.09402914903620123
2025-08-08 08:34:33,0.6478029294274301,0.06958157028678891
2025-08-08 08:35:03,0.6651131824234355,0.07851433944522804
2025-08-08 08:35:33,0.6667776298268975,0.06958157028678891
2025-08-08 08:36:04,0.6667776298268975,0.06299952985425483
2025-08-08 08:36:34,0.6684420772303596,0.054066760695815716
2025-08-08 08:37:04,0.6621171770972039,0.07193229901269393
2025-08-08 08:37:35,0.6381491344873502,0.054066760695815716
2025-08-08 08:38:05,0.6684420772303596,0.06488011283497885
2025-08-08 08:38:35,0.6557922769640481,0.06488011283497885
2025-08-08 08:39:05,0.6747669773635154,0.06723084156088388
2025-08-08 08:39:36,0.6840878828229029,0.04278326281147156
2025-08-08 08:40:06,0.6840878828229029,0.0
