{
  "model_info": {
    "model_type": "decision_tree",
    "timestamp": "20251027_105302",
    "feature_count": 35,
    "feature_importance": {
      "feature1": 5.2259126367418356e-05,
      "feature2": 0.002101068558010983,
      "feature3": 0.00043797978876619387,
      "feature4": 0.9302118686405578,
      "feature5": 4.446325542867715e-05,
      "feature6": 0.0010157121117762556,
      "feature7": 0.007069667440736724,
      "feature8": 3.343863611180852e-05,
      "feature9": 8.29029256156303e-06,
      "feature10": 0.02649889179299134,
      "feature11": 0.00024582566671865725,
      "feature12": 4.5476163730953643e-05,
      "feature13": 0.0014521282034779379,
      "feature14": 7.676356517439812e-05,
      "feature15": 1.1453884375985276e-07,
      "feature16": 1.0561576902707039e-05,
      "feature17": 5.812220950811351e-07,
      "feature18": 4.893894204513893e-06,
      "feature19": 0.004025547354318321,
      "feature20": 1.7825978971013622e-05,
      "feature21": 0.026596040538965703,
      "feature22": 4.8179327907131905e-06,
      "feature23": 9.675159062043403e-06,
      "feature24": 3.1685187026823267e-06,
      "feature25": 3.937180478316764e-07,
      "feature26": 1.1266582583389808e-05,
      "feature27": 9.80549930516547e-07,
      "feature28": 5.954586128487362e-07,
      "feature29": 9.60683330861974e-06,
      "feature30": 3.2182329246899714e-06,
      "feature31": 6.1641440025028396e-06,
      "feature32": 0.0,
      "feature33": 0.0,
      "feature34": 0.0,
      "feature35": 7.145233223673252e-07
    },
    "max_depth": null
  },
  "train_metrics": {
    "MSE": 3.187454238420656e-06,
    "RMSE": 0.0017853442912840805,
    "MAE": 0.0002932613263258869,
    "R²": 0.9996962788039179
  },
  "test_metrics": {
    "MSE": 0.054712917884090786,
    "RMSE": 0.23390792608223174,
    "MAE": 0.20299492507137365,
    "R²": 0.3426164088537693
  }
}