{
  "model_info": {
    "model_type": "random_forest",
    "timestamp": "20251027_171809",
    "feature_count": 35,
    "feature_importance": {
      "feature1": 9.074433653878378e-05,
      "feature2": 0.09502422498388904,
      "feature3": 0.000857702917330116,
      "feature4": 0.5784003724742123,
      "feature5": 0.00012648118781518282,
      "feature6": 0.005172629479142432,
      "feature7": 0.024436080857838747,
      "feature8": 0.00017248274329481375,
      "feature9": 9.697409121303967e-05,
      "feature10": 0.11995532496142748,
      "feature11": 0.005265323613540281,
      "feature12": 8.782628549178472e-05,
      "feature13": 0.0046687776630309884,
      "feature14": 9.120979972103451e-05,
      "feature15": 0.000467318894445706,
      "feature16": 4.962077216534256e-05,
      "feature17": 3.585619000689368e-05,
      "feature18": 5.580236159532083e-05,
      "feature19": 0.1396245003102286,
      "feature20": 3.503279164692944e-05,
      "feature21": 0.0250148282592485,
      "feature22": 4.898137407175803e-05,
      "feature23": 2.0327339820631128e-05,
      "feature24": 2.029101134485474e-05,
      "feature25": 2.5660970633247197e-05,
      "feature26": 2.5079282622263742e-05,
      "feature27": 3.0086712857750954e-05,
      "feature28": 2.8827687633581193e-05,
      "feature29": 2.786352251348485e-05,
      "feature30": 2.6735348923906526e-05,
      "feature31": 1.6290500552148746e-05,
      "feature32": 8.06625199392401e-10,
      "feature33": 0.0,
      "feature34": 0.0,
      "feature35": 7.40468578006673e-07
    },
    "n_estimators": 50,
    "max_depth": 20
  },
  "train_metrics": {
    "MSE": 1.1053211961816189e-05,
    "RMSE": 0.0033246371173131345,
    "MAE": 0.0010021138028373693,
    "R²": 0.9989467786808899
  },
  "test_metrics": {
    "MSE": 0.062348935448791776,
    "RMSE": 0.24969768811262907,
    "MAE": 0.22054878295987754,
    "R²": 0.2508685576539256
  }
}