{
  "model_info": {
    "model_type": "xgboost",
    "timestamp": "20251027_103658",
    "feature_count": 35,
    "feature_importance": {
      "feature1": 0.0004154343332629651,
      "feature2": 0.033331289887428284,
      "feature3": 0.0029219393618404865,
      "feature4": 0.6492249369621277,
      "feature5": 0.0012265046825632453,
      "feature6": 0.009652097709476948,
      "feature7": 0.011082958430051804,
      "feature8": 0.00030710743158124387,
      "feature9": 0.0002506040036678314,
      "feature10": 0.01852278970181942,
      "feature11": 0.0007160510285757482,
      "feature12": 0.0,
      "feature13": 0.0029170720372349024,
      "feature14": 0.0002040355757344514,
      "feature15": 0.0006884579197503626,
      "feature16": 0.000255564518738538,
      "feature17": 0.0,
      "feature18": 0.0,
      "feature19": 0.13024844229221344,
      "feature20": 0.0005935563240200281,
      "feature21": 0.13643118739128113,
      "feature22": 0.0008402337552979589,
      "feature23": 0.0,
      "feature24": 0.0,
      "feature25": 0.0,
      "feature26": 0.00016977351333480328,
      "feature27": 0.0,
      "feature28": 0.0,
      "feature29": 0.0,
      "feature30": 0.0,
      "feature31": 0.0,
      "feature32": 0.0,
      "feature33": 0.0,
      "feature34": 0.0,
      "feature35": 0.0
    },
    "n_estimators": 100,
    "max_depth": 3,
    "learning_rate": 0.1
  },
  "train_metrics": {
    "MSE": 9.603232902217377e-05,
    "RMSE": 0.009799608615764906,
    "MAE": 0.005396738232056495,
    "R²": 0.9908494203676402
  },
  "test_metrics": {
    "MSE": 0.04889979358361767,
    "RMSE": 0.2211329771508937,
    "MAE": 0.18438601341075372,
    "R²": 0.4124619348503936
  }
}