{
  "model_info": {
    "model_type": "decision_tree",
    "timestamp": "20251027_152918",
    "feature_count": 35,
    "feature_importance": {
      "feature1": 0.0,
      "feature2": 0.0,
      "feature3": 0.0,
      "feature4": 0.9853269345485705,
      "feature5": 0.0,
      "feature6": 0.0,
      "feature7": 0.0,
      "feature8": 0.0,
      "feature9": 0.0,
      "feature10": 0.0,
      "feature11": 0.0,
      "feature12": 0.0,
      "feature13": 0.0,
      "feature14": 0.0,
      "feature15": 0.0,
      "feature16": 0.0,
      "feature17": 0.0,
      "feature18": 0.0,
      "feature19": 0.0,
      "feature20": 0.0,
      "feature21": 0.014673065451429603,
      "feature22": 0.0,
      "feature23": 0.0,
      "feature24": 0.0,
      "feature25": 0.0,
      "feature26": 0.0,
      "feature27": 0.0,
      "feature28": 0.0,
      "feature29": 0.0,
      "feature30": 0.0,
      "feature31": 0.0,
      "feature32": 0.0,
      "feature33": 0.0,
      "feature34": 0.0,
      "feature35": 0.0
    },
    "max_depth": 3
  },
  "train_metrics": {
    "MSE": 0.0008011178233367855,
    "RMSE": 0.028304024861082664,
    "MAE": 0.01920424348042026,
    "R²": 0.955058636363127
  },
  "test_metrics": {
    "MSE": 0.056338753206538326,
    "RMSE": 0.23735785895254938,
    "MAE": 0.20712407913956724,
    "R²": 0.3367997061373853
  }
}