{
  "model_info": {
    "model_type": "random_forest",
    "timestamp": "20251026_161334",
    "feature_count": 35,
    "feature_importance": {
      "feature1": 3.583952286837853e-05,
      "feature2": 0.0015221398051476621,
      "feature3": 0.000489096788715473,
      "feature4": 0.935637604571004,
      "feature5": 2.8193538470479186e-05,
      "feature6": 0.001245782804052843,
      "feature7": 0.0073781377309277965,
      "feature8": 4.086283258148499e-05,
      "feature9": 3.560796510947713e-05,
      "feature10": 0.024541823960761686,
      "feature11": 0.00013772359981701365,
      "feature12": 1.581951858256269e-05,
      "feature13": 0.0014390405330086682,
      "feature14": 4.1626705493482546e-05,
      "feature15": 6.4138596379831415e-06,
      "feature16": 1.2588929816085406e-05,
      "feature17": 1.2985483402960573e-05,
      "feature18": 2.1821781407122527e-05,
      "feature19": 0.0041176805251761425,
      "feature20": 1.3017901164159321e-05,
      "feature21": 0.023085615789760924,
      "feature22": 2.572832271632942e-05,
      "feature23": 1.4664984677288282e-05,
      "feature24": 1.284858872492116e-05,
      "feature25": 8.279254419974761e-06,
      "feature26": 1.2229339654788635e-05,
      "feature27": 1.8694685060429334e-05,
      "feature28": 8.887848526514051e-06,
      "feature29": 1.0788749301956915e-05,
      "feature30": 1.5074894037037592e-05,
      "feature31": 1.2633123151974788e-05,
      "feature32": 1.0019291055757823e-10,
      "feature33": 0.0,
      "feature34": 0.0,
      "feature35": 7.459626297130055e-07
    },
    "n_estimators": 100,
    "max_depth": 10
  },
  "train_metrics": {
    "MSE": 1.1671378584862909e-05,
    "RMSE": 0.003416339939886385,
    "MAE": 0.0014619762199933272,
    "R²": 0.998887875778421
  },
  "test_metrics": {
    "MSE": 0.055802808867383126,
    "RMSE": 0.23622618158744202,
    "MAE": 0.20412272400803844,
    "R²": 0.3295212116633641
  }
}