{
  "model_info": {
    "model_type": "xgboost",
    "timestamp": "20251026_161408",
    "feature_count": 35,
    "feature_importance": {
      "feature1": 0.00024327868595719337,
      "feature2": 0.029032086953520775,
      "feature3": 0.002958023687824607,
      "feature4": 0.7076481580734253,
      "feature5": 0.0002993263478856534,
      "feature6": 0.009668366052210331,
      "feature7": 0.013172336854040623,
      "feature8": 0.00057649688096717,
      "feature9": 0.0003578419564291835,
      "feature10": 0.024194348603487015,
      "feature11": 0.001304812147282064,
      "feature12": 0.0,
      "feature13": 0.002075528260320425,
      "feature14": 0.0004222667485009879,
      "feature15": 0.0005218081641942263,
      "feature16": 0.00030024326406419277,
      "feature17": 0.00014856530469842255,
      "feature18": 0.0002369461435591802,
      "feature19": 0.12956136465072632,
      "feature20": 0.000468419078970328,
      "feature21": 0.07622215896844864,
      "feature22": 0.0004412013222463429,
      "feature23": 0.0,
      "feature24": 0.0,
      "feature25": 0.0,
      "feature26": 0.0,
      "feature27": 0.0,
      "feature28": 0.0,
      "feature29": 0.0,
      "feature30": 0.00014634168474003673,
      "feature31": 0.0,
      "feature32": 0.0,
      "feature33": 0.0,
      "feature34": 0.0,
      "feature35": 0.0
    },
    "n_estimators": 200,
    "max_depth": 3,
    "learning_rate": 0.1
  },
  "train_metrics": {
    "MSE": 7.665066462161495e-05,
    "RMSE": 0.008755036528856687,
    "MAE": 0.004706018544194253,
    "R²": 0.992696230346226
  },
  "test_metrics": {
    "MSE": 0.0534797159037592,
    "RMSE": 0.2312568180697797,
    "MAE": 0.19421188148326962,
    "R²": 0.3574335083211466
  }
}